target_age,current_age,model,n_samples,bmi_mae,bmi_rmse,class_accuracy,z_correlation,z_score_actual_mean,z_score_actual_std,z_score_pred_mean,z_score_pred_std
12,6,LinearRegression,248,2.782620967741935,3.44176735123105,0.967741935483871,0.7001355325131193,-3.277661290322581,1.8871428775041026,-5.897540322580646,3.1006952911720735
12,6,SVR,251,2.7027091633466136,3.5550368285841487,0.9641434262948207,0.5545797875941991,-3.295298804780877,1.8826789133560147,-5.844860557768925,2.963386583002093
12,6,MLP,247,2.8038056680161945,3.463877563263366,0.9635627530364372,0.6967974056569951,-3.272307692307692,1.8890787599239713,-5.885425101214575,3.1422586131250547
12,6,XGB,248,2.7847580645161285,3.419667145658591,0.967741935483871,0.7206888493781046,-3.277661290322581,1.8871428775041026,-5.902983870967742,3.1179429943263695
12,6,LinearRegression,333,3.031291291291291,3.903504316117243,0.8468468468468469,0.03013956930964473,-4.136456456456456,2.0200611136197377,-5.0163363363363365,3.283649241824456
12,6,SVR,335,2.993970149253731,3.9304947089032467,0.8477611940298507,-0.030462346401523527,-4.132029850746268,2.01641829623161,-4.971074626865671,3.2070033500088746
12,6,MLP,332,3.012228915662651,3.8712468026759694,0.8463855421686747,0.040416603662308904,-4.140722891566265,2.021602479683263,-4.987530120481928,3.273769691972957
12,6,XGB,332,3.0245481927710838,3.90002127735932,0.8463855421686747,0.02459683308144625,-4.131204819277109,2.020830020090076,-5.004487951807229,3.2693735873205587
12,6,LinearRegression,333,3.031291291291291,3.903504316117243,0.8468468468468469,0.03013956930964473,-4.136456456456456,2.0200611136197377,-5.0163363363363365,3.283649241824456
12,6,SVR,335,2.993970149253731,3.9304947089032467,0.8477611940298507,-0.030462346401523527,-4.132029850746268,2.01641829623161,-4.971074626865671,3.2070033500088746
12,6,MLP,332,3.012228915662651,3.8712468026759694,0.8463855421686747,0.040416603662308904,-4.140722891566265,2.021602479683263,-4.987530120481928,3.273769691972957
12,6,XGB,332,3.0245481927710838,3.90002127735932,0.8463855421686747,0.02459683308144625,-4.131204819277109,2.020830020090076,-5.004487951807229,3.2693735873205587
12,6,LinearRegression,383,5.04509138381201,5.3588741705678355,0.015665796344647518,-0.7375103270776405,-4.367493472584856,1.6093686173661823,0.5655874673629243,0.6021997162272115
12,6,SVR,313,2.5652396166134186,3.3510902331627426,0.9169329073482428,0.14210888872314636,-4.105239616613419,1.9807416294529119,-4.983514376996806,2.853315617552951
12,6,MLP,336,3.565505952380953,4.532247648794139,0.6636904761904762,-0.09113051439630071,-4.295803571428571,1.813858344074365,-2.541428571428572,3.603080904837237
12,6,XGB,297,2.670909090909091,3.4587513560186633,0.8451178451178452,0.20671127110454485,-4.2232659932659935,2.091257843250808,-4.603737373737373,3.194842409035152
12,6,LinearRegression,409,4.583154034229829,5.24305476105141,0.25183374083129584,-0.9178560675716644,-4.4190220048899755,1.4849061356832032,-0.22579462102689485,1.7288492482286162
12,6,SVR,339,2.5267551622418876,3.4074261690233487,0.9498525073746312,0.18167922656273658,-4.17,2.0137894831873244,-5.277935103244838,2.9078198680745238
12,6,MLP,315,4.236634920634921,5.16297164339261,0.6222222222222222,-0.1223624723070376,-4.219142857142857,2.0032919483653617,-3.0120952380952377,4.364234588846624
12,6,XGB,317,2.7364984227129336,3.5883952020621925,0.8548895899053628,0.1493474331305284,-4.184921135646688,2.0378247534176275,-4.755236593059936,3.2183129911014707
18,12,LinearRegression,224,3.0157142857142856,3.7375641418289685,0.96875,0.6842313997737558,-2.8811160714285715,1.9696501014753127,-5.7428125,3.275608127920813
18,12,SVR,225,2.902711111111111,3.7624657990324493,0.9688888888888889,0.5837076759326236,-2.8913333333333338,1.9711016660177063,-5.670133333333332,3.1185249333619254
18,12,MLP,224,3.0508482142857143,3.7884893215219324,0.9508928571428571,0.676654345768503,-2.88125,1.9697496328395214,-5.7234375,3.375183760291668
18,12,XGB,224,3.022232142857143,3.7425158650298327,0.9732142857142857,0.6845109654879526,-2.8811160714285715,1.9696501014753127,-5.751651785714286,3.273006405786313
18,12,LinearRegression,297,3.141784511784512,4.047769015980779,0.8013468013468014,0.05619024333038147,-3.7686531986531984,2.1152408792787463,-4.7045117845117845,3.44278211151527
18,12,SVR,304,3.146578947368421,4.063082185005031,0.7927631578947368,0.033289295152239065,-3.771315789473684,2.106957673309816,-4.683223684210526,3.423154151466483
18,12,MLP,295,3.1538305084745764,4.064283287871035,0.7898305084745763,0.04491146817540801,-3.754169491525424,2.1149432588657726,-4.674508474576271,3.4427325094006527
18,12,XGB,297,3.141144781144781,4.048495834074492,0.8013468013468014,0.05671449364868816,-3.7686531986531984,2.1152408792787463,-4.714309764309765,3.442042442127398
18,12,LinearRegression,297,3.141784511784512,4.047769015980779,0.8013468013468014,0.05619024333038147,-3.7686531986531984,2.1152408792787463,-4.7045117845117845,3.44278211151527
18,12,SVR,304,3.146578947368421,4.063082185005031,0.7927631578947368,0.033289295152239065,-3.771315789473684,2.106957673309816,-4.683223684210526,3.423154151466483
18,12,MLP,295,3.1538305084745764,4.064283287871035,0.7898305084745763,0.04491146817540801,-3.754169491525424,2.1149432588657726,-4.674508474576271,3.4427325094006527
18,12,XGB,297,3.141144781144781,4.048495834074492,0.8013468013468014,0.05671449364868816,-3.7686531986531984,2.1152408792787463,-4.714309764309765,3.442042442127398
18,12,LinearRegression,295,2.9069830508474572,3.714473751991968,0.7966101694915254,0.18029357466491486,-3.8120677966101693,2.145164715452072,-4.298779661016948,3.4047517944718386
18,12,SVR,314,2.7588535031847132,3.583945891453475,0.856687898089172,0.16148839954742977,-3.7417515923566875,2.07289570732656,-4.7469745222929935,3.1004953507033437
18,12,MLP,292,2.710445205479452,3.5062711430759492,0.8013698630136986,0.183834601784417,-3.78167808219178,2.119264926307179,-3.976712328767123,3.2032037920937246
18,12,XGB,296,2.922195945945946,3.7329452269712675,0.8006756756756757,0.18326913046723284,-3.8146283783783788,2.141989602330498,-4.338783783783784,3.430014361605227
18,12,LinearRegression,295,2.9069830508474572,3.714473751991968,0.7966101694915254,0.18029357466491486,-3.8120677966101693,2.145164715452072,-4.298779661016948,3.4047517944718386
18,12,SVR,314,2.7588535031847132,3.583945891453475,0.856687898089172,0.16148839954742977,-3.7417515923566875,2.07289570732656,-4.7469745222929935,3.1004953507033437
18,12,MLP,292,2.710445205479452,3.5062711430759492,0.8013698630136986,0.183834601784417,-3.78167808219178,2.119264926307179,-3.976712328767123,3.2032037920937246
18,12,XGB,296,2.922195945945946,3.7329452269712675,0.8006756756756757,0.18326913046723284,-3.8146283783783788,2.141989602330498,-4.338783783783784,3.430014361605227
18,12,LinearRegression,284,2.8976056338028173,3.7234396486181174,0.926056338028169,0.21681738117158544,-3.7580985915492957,2.1191341352631388,-5.590633802816901,2.954699816689454
18,12,SVR,285,3.0137543859649125,3.867606358895437,0.9473684210526315,0.25144670261293284,-3.852245614035087,2.2911859817203055,-5.890350877192983,3.0023998383236528
18,12,MLP,273,2.805128205128205,3.6305230251160006,0.8681318681318682,0.2674480222116919,-3.8840659340659336,2.2643927832801842,-5.136007326007326,3.223359421987609
18,12,XGB,261,3.1715325670498085,3.947503842941551,0.8275862068965517,0.19299753464583783,-3.8480459770114943,2.254015491731717,-4.974291187739462,3.504712314246514
18,12,LinearRegression,296,2.873918918918919,3.789308751053523,0.8918918918918919,0.17593169319054516,-3.792297297297297,2.146899900294512,-5.3432432432432435,3.1139298444197263
18,12,SVR,294,2.9626870748299323,3.7550836743487546,0.9013605442176871,0.24630133408868382,-3.8157142857142854,2.1943444622592003,-5.4469047619047615,3.1704568885392796
18,12,MLP,292,3.2749657534246572,4.0790063505980445,0.8664383561643836,0.1975345391588949,-3.794075342465753,2.2131299121430135,-5.455479452054795,3.4655689173367565
18,12,XGB,271,3.264760147601476,4.038811021197284,0.8191881918819188,0.1471160665999914,-3.7576383763837637,2.2203020709359635,-4.746974169741697,3.568580251877901
24,18,LinearRegression,200,3.20865,3.9651076277952404,0.955,0.678669134614748,-2.5970999999999997,2.091442466337528,-5.65745,3.4186207741573207
24,18,SVR,201,3.211144278606965,4.2768288107681975,0.9552238805970149,0.4450482763487269,-2.6079104477611943,2.0917420224534884,-5.726417910447762,3.179795841951986
24,18,MLP,202,3.2254455445544554,3.954636957464811,0.9504950495049505,0.6828414550249906,-2.612524752475247,2.0867721205370464,-5.693910891089108,3.3794250861428607
24,18,XGB,200,3.23085,3.977942495813634,0.96,0.6714289508719,-2.5970999999999997,2.091442466337528,-5.68185,3.3806518716809633
24,18,LinearRegression,265,3.2723773584905658,4.239872995605873,0.7735849056603774,0.05325254080384839,-3.5233207547169814,2.2449391954919475,-4.542490566037736,3.5709768000527213
24,18,SVR,267,3.324794007490637,4.283037530408925,0.7715355805243446,0.03462997192330117,-3.4764044943820225,2.297100393628186,-4.553857677902622,3.5310935201307276
24,18,MLP,265,3.255245283018868,4.2340634838067395,0.7811320754716982,0.048258432424590325,-3.523622641509434,2.239624060656669,-4.537584905660378,3.5569848660249668
24,18,XGB,265,3.2689811320754716,4.23785011354881,0.7735849056603774,0.053458038369111525,-3.5233207547169814,2.2449391954919475,-4.552075471698114,3.5661220195690118
24,18,LinearRegression,265,3.2723773584905658,4.239872995605873,0.7735849056603774,0.05325254080384839,-3.5233207547169814,2.2449391954919475,-4.542490566037736,3.5709768000527213
24,18,SVR,267,3.324794007490637,4.283037530408925,0.7715355805243446,0.03462997192330117,-3.4764044943820225,2.297100393628186,-4.553857677902622,3.5310935201307276
24,18,MLP,265,3.255245283018868,4.2340634838067395,0.7811320754716982,0.048258432424590325,-3.523622641509434,2.239624060656669,-4.537584905660378,3.5569848660249668
24,18,XGB,265,3.2689811320754716,4.23785011354881,0.7735849056603774,0.053458038369111525,-3.5233207547169814,2.2449391954919475,-4.552075471698114,3.5661220195690118
24,18,LinearRegression,266,3.057932330827068,3.9116788215557166,0.7443609022556391,0.16981973640404383,-3.5854887218045115,2.2776610368412995,-4.182443609022557,3.5342898764858806
24,18,SVR,283,2.868480565371025,3.701497261757542,0.7985865724381626,0.1928822595119333,-3.5786219081272086,2.35143288587275,-4.470494699646643,3.2071138521375593
24,18,MLP,269,2.887955390334572,3.729967459519001,0.7732342007434945,0.16098219201468564,-3.565985130111524,2.266705569994221,-3.968959107806692,3.3221727273424673
24,18,XGB,266,3.0516165413533836,3.9006009272911992,0.7443609022556391,0.1728816801925901,-3.5854887218045115,2.2776610368412995,-4.198082706766917,3.525335435530811
24,18,LinearRegression,266,3.057932330827068,3.9116788215557166,0.7443609022556391,0.16981973640404383,-3.5854887218045115,2.2776610368412995,-4.182443609022557,3.5342898764858806
24,18,SVR,283,2.868480565371025,3.701497261757542,0.7985865724381626,0.1928822595119333,-3.5786219081272086,2.35143288587275,-4.470494699646643,3.2071138521375593
24,18,MLP,269,2.887955390334572,3.729967459519001,0.7732342007434945,0.16098219201468564,-3.565985130111524,2.266705569994221,-3.968959107806692,3.3221727273424673
24,18,XGB,266,3.0516165413533836,3.9006009272911992,0.7443609022556391,0.1728816801925901,-3.5854887218045115,2.2776610368412995,-4.198082706766917,3.525335435530811
24,18,LinearRegression,257,3.3996108949416346,4.156758689358383,0.77431906614786,0.188271303259245,-3.596614785992218,2.3212425852434966,-4.639961089494164,3.7525766502492255
24,18,SVR,254,3.450984251968504,4.237488717379819,0.7559055118110236,0.16425676753439963,-3.5810236220472444,2.437656947386729,-4.590905511811024,3.7402518398789204
24,18,MLP,255,3.3830196078431376,4.143395642583555,0.7725490196078432,0.18120634995246782,-3.58556862745098,2.3286945703876705,-4.596117647058824,3.7237558819707974
24,18,XGB,257,3.40284046692607,4.165266561132892,0.7704280155642024,0.18402052696726565,-3.590194552529183,2.3197718006919343,-4.654980544747081,3.746006966128463
24,18,LinearRegression,257,3.3996108949416346,4.156758689358383,0.77431906614786,0.188271303259245,-3.596614785992218,2.3212425852434966,-4.639961089494164,3.7525766502492255
24,18,SVR,254,3.450984251968504,4.237488717379819,0.7559055118110236,0.16425676753439963,-3.5810236220472444,2.437656947386729,-4.590905511811024,3.7402518398789204
24,18,MLP,255,3.3830196078431376,4.143395642583555,0.7725490196078432,0.18120634995246782,-3.58556862745098,2.3286945703876705,-4.596117647058824,3.7237558819707974
24,18,XGB,257,3.40284046692607,4.165266561132892,0.7704280155642024,0.18402052696726565,-3.590194552529183,2.3197718006919343,-4.654980544747081,3.746006966128463
24,18,LinearRegression,124,3.763064516129032,5.173283414846183,0.9193548387096774,0.061369813605100514,-3.293145161290323,2.797399531747034,-6.448629032258063,3.173310659201568
24,18,SVR,126,3.4826190476190475,4.790030569541583,0.9682539682539683,0.06747541850986248,-3.552063492063492,2.6666259870290987,-6.629603174603174,2.7086910095813344
24,18,MLP,126,3.6457142857142855,5.118833882581102,0.9285714285714286,0.00462215092557008,-3.363174603174603,2.789666490504535,-6.437936507936508,3.007260082253939
24,18,XGB,128,3.698359375,4.912014845636158,0.8671875,-0.08883919476659045,-3.3344531249999996,2.727759728866847,-5.45703125,3.25632542124147
24,18,LinearRegression,141,3.597304964539007,4.834342423398105,0.8936170212765957,0.163105654990508,-3.19354609929078,2.6771258894599446,-5.967872340425532,3.385831305468881
24,18,SVR,152,3.5784868421052627,5.03456545712788,0.9210526315789473,-0.0022797340751493913,-3.38,2.830591346065527,-6.338881578947368,2.922653253228654
24,18,MLP,152,3.523092105263158,4.846432152136575,0.9210526315789473,0.07456229645030918,-3.5315131578947367,2.79358399303523,-6.336973684210527,3.0112536817992575
24,18,XGB,155,3.624322580645161,4.799323003333135,0.8838709677419355,-0.03549189190298059,-3.4250322580645163,2.675457964823978,-5.600322580645161,3.244587039552499
36,24,LinearRegression,144,2.9484722222222226,3.7806662772585473,0.9305555555555556,0.6112887153385949,-2.2750694444444446,2.3373429824053833,-5.089097222222222,3.147208620612709
36,24,SVR,146,3.207054794520548,4.176712756708892,0.9452054794520548,0.445647813518815,-2.298424657534247,2.3297888340892188,-5.430273972602739,2.851143713123598
36,24,MLP,146,2.9643150684931503,3.8241130227752036,0.9178082191780822,0.6073669465729964,-2.299178082191781,2.330024841671711,-5.092808219178083,3.2572414043112987
36,24,XGB,141,2.898368794326241,3.7319482296318744,0.9361702127659575,0.5901192667019802,-2.243191489361702,2.351729503656253,-5.017163120567377,3.008874185972006
36,24,LinearRegression,196,3.2039795918367346,4.2438621945735475,0.75,-0.004902904544044283,-3.188622448979592,2.439756938442786,-4.163520408163266,3.320855150899686
36,24,SVR,200,3.24525,4.269351531556051,0.765,-0.010890429065749014,-3.1967499999999998,2.433201992745362,-4.2856,3.3084674155868603
36,24,MLP,196,3.1837244897959183,4.191243483594757,0.7551020408163265,0.0065975526917121455,-3.214948979591837,2.4516861123143974,-4.153061224489796,3.2835845296868027
36,24,XGB,196,3.2085714285714286,4.251640619711839,0.7602040816326531,-0.005431038361690844,-3.188622448979592,2.439756938442786,-4.178418367346939,3.3250895412938615
36,24,LinearRegression,196,3.2039795918367346,4.2438621945735475,0.75,-0.004902904544044283,-3.188622448979592,2.439756938442786,-4.163520408163266,3.320855150899686
36,24,SVR,200,3.24525,4.269351531556051,0.765,-0.010890429065749014,-3.1967499999999998,2.433201992745362,-4.2856,3.3084674155868603
36,24,MLP,196,3.1837244897959183,4.191243483594757,0.7551020408163265,0.0065975526917121455,-3.214948979591837,2.4516861123143974,-4.153061224489796,3.2835845296868027
36,24,XGB,196,3.2085714285714286,4.251640619711839,0.7602040816326531,-0.005431038361690844,-3.188622448979592,2.439756938442786,-4.178418367346939,3.3250895412938615
36,24,LinearRegression,191,2.9802094240837698,3.8933418800260013,0.7068062827225131,0.1587454411268965,-3.2337172774869107,2.5059955966719465,-3.742198952879581,3.36055068757615
36,24,SVR,205,3.011853658536585,3.961617986778979,0.7658536585365854,0.09384791456804323,-3.1712682926829263,2.3986419635874068,-4.225951219512196,3.204914777233207
36,24,MLP,196,2.9296938775510206,3.846223167350177,0.6275510204081632,0.07554592534374271,-3.284081632653061,2.4838769222255523,-3.0673469387755103,3.1222720504761443
36,24,XGB,191,2.9945026178010474,3.905821604781376,0.7068062827225131,0.15904500235109464,-3.2337172774869107,2.5059955966719465,-3.768219895287958,3.3732240972524794
36,24,LinearRegression,191,2.9802094240837698,3.8933418800260013,0.7068062827225131,0.1587454411268965,-3.2337172774869107,2.5059955966719465,-3.742198952879581,3.36055068757615
36,24,SVR,205,3.011853658536585,3.961617986778979,0.7658536585365854,0.09384791456804323,-3.1712682926829263,2.3986419635874068,-4.225951219512196,3.204914777233207
36,24,MLP,196,2.9296938775510206,3.846223167350177,0.6275510204081632,0.07554592534374271,-3.284081632653061,2.4838769222255523,-3.0673469387755103,3.1222720504761443
36,24,XGB,191,2.9945026178010474,3.905821604781376,0.7068062827225131,0.15904500235109464,-3.2337172774869107,2.5059955966719465,-3.768219895287958,3.3732240972524794
36,24,LinearRegression,188,3.2578191489361705,4.135643521923225,0.7553191489361702,0.1696205933315188,-3.205053191489362,2.5077875510947862,-4.281382978723404,3.5617723896193816
36,24,SVR,187,3.350588235294117,4.291063341286223,0.7433155080213903,0.12738019389162586,-3.203368983957219,2.513458934560598,-4.3491443850267375,3.619475885405968
36,24,MLP,186,3.2346774193548393,4.114997811572604,0.7419354838709677,0.16436774087353562,-3.194354838709678,2.518141459831814,-4.225376344086022,3.5284604943963407
36,24,XGB,188,3.2546276595744685,4.137392988909907,0.7553191489361702,0.17025347125844417,-3.205053191489362,2.5077875510947862,-4.300000000000001,3.5594359163430926
36,24,LinearRegression,188,3.2578191489361705,4.135643521923225,0.7553191489361702,0.1696205933315188,-3.205053191489362,2.5077875510947862,-4.281382978723404,3.5617723896193816
36,24,SVR,187,3.350588235294117,4.291063341286223,0.7433155080213903,0.12738019389162586,-3.203368983957219,2.513458934560598,-4.3491443850267375,3.619475885405968
36,24,MLP,186,3.2346774193548393,4.114997811572604,0.7419354838709677,0.16436774087353562,-3.194354838709678,2.518141459831814,-4.225376344086022,3.5284604943963407
36,24,XGB,188,3.2546276595744685,4.137392988909907,0.7553191489361702,0.17025347125844417,-3.205053191489362,2.5077875510947862,-4.300000000000001,3.5594359163430926
36,24,LinearRegression,132,3.53,4.729287216458478,0.8560606060606061,-0.04306060920939282,-3.1004545454545456,2.780399977667363,-5.057424242424243,3.1696720079844516
36,24,SVR,129,3.266201550387597,4.5981747305548515,0.8837209302325582,-0.0660320908757895,-3.1170542635658918,2.8056784621040203,-5.106976744186047,2.8718434251145895
36,24,MLP,131,3.5280152671755727,4.700126439748012,0.8549618320610687,-0.021149778395698253,-3.0945801526717562,2.790991577205772,-5.04412213740458,3.1820087923429914
36,24,XGB,131,3.4903053435114506,4.690819277715057,0.8625954198473282,-0.04005295580789206,-3.105419847328245,2.7904089441579383,-5.029923664122138,3.1326433235601714
36,24,LinearRegression,132,3.53,4.729287216458478,0.8560606060606061,-0.04306060920939282,-3.1004545454545456,2.780399977667363,-5.057424242424243,3.1696720079844516
36,24,SVR,129,3.266201550387597,4.5981747305548515,0.8837209302325582,-0.0660320908757895,-3.1170542635658918,2.8056784621040203,-5.106976744186047,2.8718434251145895
36,24,MLP,131,3.5280152671755727,4.700126439748012,0.8549618320610687,-0.021149778395698253,-3.0945801526717562,2.790991577205772,-5.04412213740458,3.1820087923429914
36,24,XGB,131,3.4903053435114506,4.690819277715057,0.8625954198473282,-0.04005295580789206,-3.105419847328245,2.7904089441579383,-5.029923664122138,3.1326433235601714
36,24,LinearRegression,48,3.3579166666666667,4.162938165126485,0.9375,0.2056076711216587,-3.4539583333333326,1.6999727198587302,-6.248125000000001,2.948555900952476
36,24,SVR,39,3.0841025641025643,3.72758669437782,1.0,0.32472766360827454,-3.217435897435897,1.4338378085667418,-6.181538461538461,2.2738925605062867
36,24,MLP,48,3.4425000000000003,4.177006005103017,0.875,-0.10148439198320543,-3.2604166666666665,1.4432125021592936,-5.22375,3.249311866252094
36,24,XGB,47,3.127446808510638,3.917634164493733,0.8723404255319149,-0.035933630037310454,-3.291489361702128,1.5257547538958425,-5.148297872340425,3.0395557620186873
36,24,LinearRegression,58,3.476379310344827,4.199656595156488,0.9482758620689655,0.04698019383251304,-3.37051724137931,1.606205018062004,-6.051379310344828,2.8818620945468107
36,24,SVR,51,2.6980392156862743,3.4808321069627515,0.9803921568627451,0.28634031677978594,-3.301960784313725,1.480227883367093,-5.37921568627451,2.8300445802192677
36,24,MLP,54,3.197592592592593,4.021583205838402,0.8888888888888888,-0.03221487506037009,-3.274259259259259,1.4558001514400198,-5.080740740740741,3.2383110892195663
36,24,XGB,57,2.981052631578947,3.8909233107999333,0.8245614035087719,-0.05604385014385666,-3.12280701754386,1.9899490907584554,-4.657543859649123,2.8610851092657654
48,36,LinearRegression,70,2.9711428571428575,4.041883224438826,0.9714285714285714,0.5526613609548023,-1.8454285714285712,2.900815986538116,-4.670857142857144,3.1872113842924295
48,36,SVR,74,3.160945945945946,4.4980207358949045,0.972972972972973,0.37610810921829047,-1.9406756756756758,2.849461936444522,-5.017297297297298,3.019963887960796
48,36,MLP,72,2.9701388888888887,4.112173492611095,0.9722222222222222,0.5430563534619327,-1.8975,2.8762735102134416,-4.695694444444444,3.3638960655717556
48,36,XGB,70,3.009142857142857,4.090988703410042,0.9714285714285714,0.5502332457548516,-1.8454285714285712,2.900815986538116,-4.709142857142858,3.229591634007151
48,36,LinearRegression,92,3.386086956521739,4.628570067479288,0.6413043478260869,-0.01582262164479923,-2.676847826086956,2.923961699530512,-3.7764130434782617,3.3694644076785374
48,36,SVR,92,3.3638043478260866,4.6294014309298825,0.6521739130434783,-0.018436646873018412,-2.677826086956522,2.926188285602574,-3.962065217391305,3.2960389725836325
48,36,MLP,93,3.3163440860215054,4.5918450387850696,0.6451612903225806,-0.024250750847720024,-2.66010752688172,2.9126282313821688,-3.7981720430107533,3.292614396159844
48,36,XGB,92,3.396086956521739,4.6457802265113095,0.6413043478260869,-0.012680449584933081,-2.676847826086956,2.923961699530512,-3.836413043478261,3.3820609170720726
48,36,LinearRegression,92,3.386086956521739,4.628570067479288,0.6413043478260869,-0.01582262164479923,-2.676847826086956,2.923961699530512,-3.7764130434782617,3.3694644076785374
48,36,SVR,92,3.3638043478260866,4.6294014309298825,0.6521739130434783,-0.018436646873018412,-2.677826086956522,2.926188285602574,-3.962065217391305,3.2960389725836325
48,36,MLP,93,3.3163440860215054,4.5918450387850696,0.6451612903225806,-0.024250750847720024,-2.66010752688172,2.9126282313821688,-3.7981720430107533,3.292614396159844
48,36,XGB,92,3.396086956521739,4.6457802265113095,0.6413043478260869,-0.012680449584933081,-2.676847826086956,2.923961699530512,-3.836413043478261,3.3820609170720726
48,36,LinearRegression,90,3.074777777777778,4.164225818404504,0.6111111111111112,0.14510323267883654,-2.7906666666666666,3.0307046485374762,-3.3696666666666664,3.2706232671396984
48,36,SVR,92,3.108260869565217,4.210000258184439,0.6086956521739131,0.11610245803150193,-2.776521739130435,3.002850976764888,-3.5176086956521733,3.2260203541115136
48,36,MLP,92,3.1578260869565216,4.244214220303458,0.5978260869565217,0.1326145481530344,-2.7667391304347824,3.00305174805768,-3.452391304347826,3.345029202954742
48,36,XGB,90,3.0848888888888895,4.18153480594546,0.6111111111111112,0.14767308409984098,-2.7906666666666666,3.0307046485374762,-3.421333333333334,3.294064763581109
48,36,LinearRegression,90,3.074777777777778,4.164225818404504,0.6111111111111112,0.14510323267883654,-2.7906666666666666,3.0307046485374762,-3.3696666666666664,3.2706232671396984
48,36,SVR,92,3.108260869565217,4.210000258184439,0.6086956521739131,0.11610245803150193,-2.776521739130435,3.002850976764888,-3.5176086956521733,3.2260203541115136
48,36,MLP,92,3.1578260869565216,4.244214220303458,0.5978260869565217,0.1326145481530344,-2.7667391304347824,3.00305174805768,-3.452391304347826,3.345029202954742
48,36,XGB,90,3.0848888888888895,4.18153480594546,0.6111111111111112,0.14767308409984098,-2.7906666666666666,3.0307046485374762,-3.421333333333334,3.294064763581109
48,36,LinearRegression,90,3.491333333333333,4.43413977627629,0.6777777777777778,0.1811354079236135,-2.818666666666666,3.040933774718256,-3.986666666666667,3.609169495111645
48,36,SVR,91,3.493296703296704,4.453667090101206,0.6923076923076923,0.1689426233278301,-2.8224175824175823,3.024388537114093,-4.158791208791208,3.538058645413365
48,36,MLP,90,3.449444444444445,4.375536919434383,0.6666666666666666,0.18094966528669093,-2.818666666666666,3.040933774718256,-3.9205555555555565,3.548033057941669
48,36,XGB,90,3.490333333333334,4.427936690303208,0.6888888888888889,0.18372145924577224,-2.818666666666666,3.040933774718256,-4.016333333333333,3.597939363950797
48,36,LinearRegression,90,3.491333333333333,4.43413977627629,0.6777777777777778,0.1811354079236135,-2.818666666666666,3.040933774718256,-3.986666666666667,3.609169495111645
48,36,SVR,91,3.493296703296704,4.453667090101206,0.6923076923076923,0.1689426233278301,-2.8224175824175823,3.024388537114093,-4.158791208791208,3.538058645413365
48,36,MLP,90,3.449444444444445,4.375536919434383,0.6666666666666666,0.18094966528669093,-2.818666666666666,3.040933774718256,-3.9205555555555565,3.548033057941669
48,36,XGB,90,3.490333333333334,4.427936690303208,0.6888888888888889,0.18372145924577224,-2.818666666666666,3.040933774718256,-4.016333333333333,3.597939363950797
48,36,LinearRegression,56,3.8575000000000004,5.484878563573022,0.7678571428571429,-0.13157906331733832,-2.597142857142857,3.5732911571655546,-4.479285714285714,3.2706961126378724
48,36,SVR,56,3.500714285714286,5.263707954338978,0.8392857142857143,-0.1102610577134253,-2.5883928571428574,3.5749749133913586,-4.8462499999999995,2.7655085831026245
48,36,MLP,60,3.8554999999999997,5.413263187148149,0.7833333333333333,-0.096990218680747,-2.645666666666666,3.46746418710978,-4.774166666666668,3.2501509152995065
48,36,XGB,55,3.7794545454545454,5.42504143260257,0.7818181818181819,-0.12422500828316632,-2.605272727272727,3.605115988322178,-4.433090909090909,3.1982289830622155
48,36,LinearRegression,56,3.8575000000000004,5.484878563573022,0.7678571428571429,-0.13157906331733832,-2.597142857142857,3.5732911571655546,-4.479285714285714,3.2706961126378724
48,36,SVR,56,3.500714285714286,5.263707954338978,0.8392857142857143,-0.1102610577134253,-2.5883928571428574,3.5749749133913586,-4.8462499999999995,2.7655085831026245
48,36,MLP,60,3.8554999999999997,5.413263187148149,0.7833333333333333,-0.096990218680747,-2.645666666666666,3.46746418710978,-4.774166666666668,3.2501509152995065
48,36,XGB,55,3.7794545454545454,5.42504143260257,0.7818181818181819,-0.12422500828316632,-2.605272727272727,3.605115988322178,-4.433090909090909,3.1982289830622155
48,36,LinearRegression,54,3.1188888888888893,3.883518832002559,0.7592592592592593,-0.11977276986557675,-3.0351851851851848,1.4644525468593181,-4.6037037037037045,3.066143250196739
48,36,SVR,52,2.9019230769230764,3.586304611885439,0.9230769230769231,0.09069547616352261,-3.045961538461538,1.4570561200524326,-5.205576923076924,2.6003649251754726
48,36,MLP,52,3.0044230769230773,3.7776577501042996,0.75,-0.07674204227026168,-3.046923076923077,1.4887159393010454,-4.554038461538461,3.0156216731287406
48,36,XGB,53,3.1030188679245283,3.8564780099864997,0.7547169811320755,-0.12960969653558965,-3.0260377358490564,1.4766744120931745,-4.563396226415095,3.028082987444975
48,36,LinearRegression,54,3.1188888888888893,3.883518832002559,0.7592592592592593,-0.11977276986557675,-3.0351851851851848,1.4644525468593181,-4.6037037037037045,3.066143250196739
48,36,SVR,52,2.887884615384616,3.5496427230833336,0.9230769230769231,0.05277879103850999,-3.045961538461538,1.4570561200524326,-5.170384615384615,2.520196849407465
48,36,MLP,52,3.0273076923076925,3.7848991450845215,0.75,-0.11022479124082528,-3.046923076923077,1.4887159393010454,-4.478461538461539,3.0118805680526273
48,36,XGB,54,3.1625925925925933,3.93478974919504,0.7592592592592593,-0.11772579900439553,-3.0351851851851848,1.4644525468593181,-4.63962962962963,3.112931786478822
48,36,LinearRegression,22,3.6327272727272715,4.189053917923799,0.8181818181818182,0.30202880253910863,-3.1,1.8358723465228381,-6.186363636363637,2.7814932965365364
48,36,SVR,18,2.653888888888889,3.6425426101374114,0.8333333333333334,0.29640243754734236,-2.9383333333333335,1.9475005348736965,-5.113333333333333,2.830673261100813
48,36,MLP,20,3.114,4.03839200672743,0.85,0.24990908785695648,-3.0985,1.8554440843097373,-5.3965000000000005,3.2565660979012847
48,36,XGB,19,2.64421052631579,3.512018462965496,0.7894736842105263,0.3612763399550219,-3.1131578947368417,1.9612322995922713,-4.7447368421052625,3.224064725125808
48,36,LinearRegression,22,2.9995454545454545,3.442722891708089,0.9090909090909091,0.292525513742206,-2.919545454545455,1.3870389562358019,-5.657272727272727,2.0175574382229926
48,36,SVR,25,3.0996000000000006,3.930040712257317,0.88,0.3146189166354212,-3.0576,1.7393016529630505,-6.1572,2.31129664041637
48,36,MLP,24,3.026666666666667,3.756014066356337,0.875,0.09706291862353898,-3.145416666666667,1.7748004093575016,-5.072083333333333,2.8695542324646097
48,36,XGB,27,2.78962962962963,3.6536942238618546,0.9259259259259259,0.26138350024906604,-3.1270370370370375,1.703397073855902,-5.545555555555556,2.6354286085222047
