target_age,measure,target_col,model,n_samples,mae,rmse,acc,precision,recall,f1
12,bmi,BMI_birth_zscore,LinearRegression,428,7.811903578794161e-16,1.757615369151607e-15,1.0,1.0,1.0,1.0
12,bmi,BMI_birth_zscore,SVR,428,0.38390720016572694,2.367700710696311,0.9418604651162791,0.3333333333333333,0.313953488372093,0.3233532934131737
12,bmi,BMI_birth_zscore,MLP,428,0.04377639484290792,0.06391227144696257,1.0,1.0,1.0,1.0
12,bmi,BMI_birth_zscore,XGB,428,0.19406902353981328,1.3873565719166276,0.9651162790697675,0.5,0.48255813953488375,0.49112426035502965
12,height,ht_birth_zscore,LinearRegression,428,2.464114184015427e-16,3.5754607911745035e-16,1.0,1.0,1.0,1.0
12,height,ht_birth_zscore,SVR,428,0.3724355940883254,1.8242807858930692,0.9418604651162791,0.3333333333333333,0.313953488372093,0.3233532934131737
12,height,ht_birth_zscore,MLP,428,0.030958088708309076,0.07500680579344164,1.0,1.0,1.0,1.0
12,height,ht_birth_zscore,XGB,428,0.08240523894828149,0.6353808960136468,0.9767441860465116,0.3333333333333333,0.3255813953488372,0.32941176470588235
12,weight,wt_birth_zscore,LinearRegression,430,4.781382008669098e-16,6.327457970123158e-16,1.0,1.0,1.0,1.0
12,weight,wt_birth_zscore,SVR,430,0.11570458604128044,0.4465030481614887,0.9883720930232558,0.5,0.4941860465116279,0.49707602339181284
12,weight,wt_birth_zscore,MLP,430,0.03229704564475102,0.04209530511427118,1.0,1.0,1.0,1.0
12,weight,wt_birth_zscore,XGB,430,0.0202771334442035,0.058579658219858076,1.0,1.0,1.0,1.0
12,bmi,BMI_6m_zscore,LinearRegression,428,3.864802534850654e-17,1.1376326853284168e-16,1.0,1.0,1.0,1.0
12,bmi,BMI_6m_zscore,SVR,428,0.0911972689920268,0.2203160534164147,0.9767441860465116,0.9805555555555556,0.969281045751634,0.9745684695051784
12,bmi,BMI_6m_zscore,MLP,428,0.029236367510308333,0.04543230766871663,0.9767441860465116,0.983739837398374,0.9777777777777779,0.9801724137931035
12,bmi,BMI_6m_zscore,XGB,428,0.11550339718927201,0.8565594628269136,1.0,1.0,1.0,1.0
12,bmi,BMI_6m_zscore_Imputation,LinearRegression,428,3.864802534850654e-17,1.1376326853284168e-16,1.0,1.0,1.0,1.0
12,bmi,BMI_6m_zscore_Imputation,SVR,428,0.0911972689920268,0.2203160534164147,0.9767441860465116,0.9805555555555556,0.969281045751634,0.9745684695051784
12,bmi,BMI_6m_zscore_Imputation,MLP,428,0.029236367510308333,0.04543230766871663,0.9767441860465116,0.983739837398374,0.9777777777777779,0.9801724137931035
12,bmi,BMI_6m_zscore_Imputation,XGB,428,0.11550339718927201,0.8565594628269136,1.0,1.0,1.0,1.0
12,height,ht_6m_zscore,LinearRegression,428,2.2188323529935906e-16,4.201380229281058e-16,1.0,1.0,1.0,1.0
12,height,ht_6m_zscore,SVR,428,0.13562077415578375,0.4147445702748063,0.9418604651162791,0.948529411764706,0.9391550977757874,0.9423118261322111
12,height,ht_6m_zscore,MLP,428,0.030826007947340143,0.045638353991870516,1.0,1.0,1.0,1.0
12,height,ht_6m_zscore,XGB,428,0.0056673316799405096,0.0188035534091798,1.0,1.0,1.0,1.0
12,height,ht_6m_zscore_Imputation,LinearRegression,428,2.2188323529935906e-16,4.201380229281058e-16,1.0,1.0,1.0,1.0
12,height,ht_6m_zscore_Imputation,SVR,428,0.13562077415578375,0.4147445702748063,0.9418604651162791,0.948529411764706,0.9391550977757874,0.9423118261322111
12,height,ht_6m_zscore_Imputation,MLP,428,0.030826007947340143,0.045638353991870516,1.0,1.0,1.0,1.0
12,height,ht_6m_zscore_Imputation,XGB,428,0.0056673316799405096,0.0188035534091798,1.0,1.0,1.0,1.0
12,weight,wt_6m_zscore,LinearRegression,430,3.656635717733437e-16,4.485086660379164e-16,1.0,1.0,1.0,1.0
12,weight,wt_6m_zscore,SVR,430,0.06929253343124306,0.20818816501334939,1.0,1.0,1.0,1.0
12,weight,wt_6m_zscore,MLP,430,0.023433388728927168,0.03785786115236665,1.0,1.0,1.0,1.0
12,weight,wt_6m_zscore,XGB,430,0.028330635322043128,0.08757469487301665,1.0,1.0,1.0,1.0
12,weight,wt_6m_zscore_Imputation,LinearRegression,430,3.656635717733437e-16,4.485086660379164e-16,1.0,1.0,1.0,1.0
12,weight,wt_6m_zscore_Imputation,SVR,430,0.06929253343124306,0.20818816501334939,1.0,1.0,1.0,1.0
12,weight,wt_6m_zscore_Imputation,MLP,430,0.023433388728927168,0.03785786115236665,1.0,1.0,1.0,1.0
12,weight,wt_6m_zscore_Imputation,XGB,430,0.028330635322043128,0.08757469487301665,1.0,1.0,1.0,1.0
12,bmi,BMI_12m_zscore,LinearRegression,386,2.555743326651638,2.7853310978172425,0.5512820512820513,0.29777777777777775,0.3422480620155039,0.2662736428395972
12,bmi,BMI_12m_zscore,SVR,386,0.6580202311003885,0.9220512991337567,0.7051282051282052,0.6607122795191551,0.6401808785529716,0.6471432672983061
12,bmi,BMI_12m_zscore,MLP,386,4.044173098235753,7.648231202818234,0.5384615384615384,0.4476495726495726,0.4224806201550388,0.4237986270022884
12,bmi,BMI_12m_zscore,XGB,386,0.825204983141725,1.07965146835287,0.6410256410256411,0.551089845826688,0.5512919896640827,0.5510757441791925
12,bmi,BMI_12m_zscore_Imputation,LinearRegression,415,2.7281187713327397,5.2153429363118375,0.6385542168674698,0.6884615384615383,0.5432936507936508,0.5499204844999238
12,bmi,BMI_12m_zscore_Imputation,SVR,415,0.8097229018650122,1.0768339692366824,0.7710843373493976,0.7327485380116959,0.7490476190476191,0.7389414302306289
12,bmi,BMI_12m_zscore_Imputation,MLP,415,6.607487329123205,26.884028570603704,0.4819277108433735,0.40228658175004156,0.4014285714285714,0.40000645744543456
12,bmi,BMI_12m_zscore_Imputation,XGB,415,0.9714962694123543,1.2856138919704632,0.6506024096385542,0.6324107683000605,0.6330952380952382,0.6311728395061729
12,height,ht_1y_zscore,LinearRegression,386,0.7857626773044293,0.987909989534561,0.717948717948718,0.7777777777777778,0.6720549981419547,0.6935222779502693
12,height,ht_1y_zscore,SVR,386,0.7869340817270046,1.0319806051356764,0.7307692307692307,0.7373370730902492,0.692888331475288,0.7044067044067045
12,height,ht_1y_zscore,MLP,386,0.9021518623607807,1.1494232006456384,0.6794871794871795,0.6914264597191426,0.6408630620587141,0.6574263038548752
12,height,ht_1y_zscore,XGB,386,1.0777924430428498,1.3525168375216958,0.6282051282051282,0.6336657169990504,0.5947835377183203,0.6088156288156289
12,height,ht_12m_zscore_Imputation,LinearRegression,415,0.653944477919778,0.8161783008295473,0.7710843373493976,0.7428017718715392,0.7188131313131313,0.7230735930735931
12,height,ht_12m_zscore_Imputation,SVR,415,0.6840480836619388,0.8737013343020427,0.7349397590361446,0.7057692307692308,0.6888468013468013,0.6894003224632028
12,height,ht_12m_zscore_Imputation,MLP,415,0.7261257475924603,0.8808373060733592,0.7590361445783133,0.7281323877068558,0.6959175084175083,0.7070393374741202
12,height,ht_12m_zscore_Imputation,XGB,415,0.7853276508484185,1.0114730762462236,0.6867469879518072,0.6264090177133655,0.620496632996633,0.6231780167264038
12,weight,wt_12m_zscore,LinearRegression,387,0.623834235584527,1.3333046172662064,0.7307692307692307,0.7444444444444445,0.7094276094276095,0.7209529488599257
12,weight,wt_12m_zscore,SVR,387,0.5782622438374598,0.8323833911515001,0.7564102564102564,0.7520529579353109,0.7604377104377105,0.753467000835422
12,weight,wt_12m_zscore,MLP,387,0.5597700882038495,0.8370650297635795,0.717948717948718,0.7213517865691778,0.714983164983165,0.7173649496648776
12,weight,wt_12m_zscore,XGB,387,0.6676156252672113,0.9545475132951673,0.6282051282051282,0.6253968253968254,0.6486531986531987,0.631919191919192
12,weight,wt_12m_zscore_Imputation,LinearRegression,417,0.5105978768093243,0.7061367737880768,0.7023809523809523,0.6952707856598016,0.6853968253968254,0.6811521811521811
12,weight,wt_12m_zscore_Imputation,SVR,417,0.5215163618664692,0.734881868547471,0.7023809523809523,0.6883846872082167,0.7182010582010582,0.7007736991719193
12,weight,wt_12m_zscore_Imputation,MLP,417,0.49361412038884694,0.685836348620365,0.7023809523809523,0.6931471306471306,0.7182010582010582,0.7042145593869732
12,weight,wt_12m_zscore_Imputation,XGB,417,0.5272364784737391,0.7303894317411488,0.6666666666666666,0.6500580720092916,0.6691005291005291,0.6581178476141482
18,bmi,BMI_birth_zscore,LinearRegression,386,2.2311212706409395e-16,4.1890553544340915e-16,1.0,1.0,1.0,1.0
18,bmi,BMI_birth_zscore,SVR,386,0.1487781976280969,0.43852380450367273,0.9615384615384616,0.5,0.4807692307692308,0.49019607843137253
18,bmi,BMI_birth_zscore,MLP,386,0.05047691217714413,0.09678001874919877,1.0,1.0,1.0,1.0
18,bmi,BMI_birth_zscore,XGB,386,0.061738951435505514,0.21072607429083423,0.9743589743589743,0.3333333333333333,0.3247863247863248,0.32900432900432897
18,height,ht_birth_zscore,LinearRegression,386,5.874930171974787e-16,7.656039257680124e-16,1.0,1.0,1.0,1.0
18,height,ht_birth_zscore,SVR,386,0.24548103674337549,0.9554420913211102,0.9358974358974359,0.3333333333333333,0.31196581196581197,0.3222958057395144
18,height,ht_birth_zscore,MLP,386,0.054120462942008965,0.07093704455804975,1.0,1.0,1.0,1.0
18,height,ht_birth_zscore,XGB,386,0.06636790534235247,0.4456266540714844,0.9743589743589743,0.5,0.48717948717948717,0.49350649350649345
18,weight,wt_birth_zscore,LinearRegression,387,2.6825941752861854e-16,4.0901518786488196e-16,1.0,1.0,1.0,1.0
18,weight,wt_birth_zscore,SVR,387,0.15157536268131588,0.4993861255287522,0.9743589743589743,0.3333333333333333,0.3247863247863248,0.32900432900432897
18,weight,wt_birth_zscore,MLP,387,0.045383513234349006,0.060298881332543935,1.0,1.0,1.0,1.0
18,weight,wt_birth_zscore,XGB,387,0.03832180902699764,0.11491427010096225,0.9871794871794872,0.5,0.4935897435897436,0.4967741935483871
18,bmi,BMI_6m_zscore,LinearRegression,386,7.881204592075655e-16,1.3240772441406253e-15,1.0,1.0,1.0,1.0
18,bmi,BMI_6m_zscore,SVR,386,0.21139259742310265,1.3604403926587707,0.9615384615384616,0.960686600221484,0.9583333333333334,0.9574955908289242
18,bmi,BMI_6m_zscore,MLP,386,0.023900665358359028,0.030102730290498765,1.0,1.0,1.0,1.0
18,bmi,BMI_6m_zscore,XGB,386,0.12184866742370658,0.8136792566358744,0.9743589743589743,0.9682539682539683,0.9722222222222222,0.969145503107438
18,bmi,BMI_6m_zscore_Imputation,LinearRegression,386,7.881204592075655e-16,1.3240772441406253e-15,1.0,1.0,1.0,1.0
18,bmi,BMI_6m_zscore_Imputation,SVR,386,0.21139259742310265,1.3604403926587707,0.9615384615384616,0.960686600221484,0.9583333333333334,0.9574955908289242
18,bmi,BMI_6m_zscore_Imputation,MLP,386,0.023900665358359028,0.030102730290498765,1.0,1.0,1.0,1.0
18,bmi,BMI_6m_zscore_Imputation,XGB,386,0.12184866742370658,0.8136792566358744,0.9743589743589743,0.9682539682539683,0.9722222222222222,0.969145503107438
18,height,ht_6m_zscore,LinearRegression,386,8.413853659378791e-16,1.0794968932530325e-15,1.0,1.0,1.0,1.0
18,height,ht_6m_zscore,SVR,386,0.09818566581269196,0.289575028958619,1.0,1.0,1.0,1.0
18,height,ht_6m_zscore,MLP,386,0.04328054171606789,0.06405040890975144,1.0,1.0,1.0,1.0
18,height,ht_6m_zscore,XGB,386,0.0032483318932030446,0.008249543427318748,1.0,1.0,1.0,1.0
18,height,ht_6m_zscore_Imputation,LinearRegression,386,8.413853659378791e-16,1.0794968932530325e-15,1.0,1.0,1.0,1.0
18,height,ht_6m_zscore_Imputation,SVR,386,0.09818566581269196,0.289575028958619,1.0,1.0,1.0,1.0
18,height,ht_6m_zscore_Imputation,MLP,386,0.04328054171606789,0.06405040890975144,1.0,1.0,1.0,1.0
18,height,ht_6m_zscore_Imputation,XGB,386,0.0032483318932030446,0.008249543427318748,1.0,1.0,1.0,1.0
18,weight,wt_6m_zscore,LinearRegression,387,5.079626178373112e-16,7.517468997971909e-16,1.0,1.0,1.0,1.0
18,weight,wt_6m_zscore,SVR,387,0.24249952040938544,1.037736206903163,0.9743589743589743,0.9701104613385315,0.9803921568627452,0.9746006727138803
18,weight,wt_6m_zscore,MLP,387,0.04512015987458285,0.0734706404879879,0.9743589743589743,0.9726522187822497,0.9773755656108598,0.9746511217099453
18,weight,wt_6m_zscore,XGB,387,0.09217128885505861,0.44532980408239586,0.9871794871794872,0.9824561403508771,0.9901960784313726,0.9860158666128815
18,weight,wt_6m_zscore_Imputation,LinearRegression,387,5.079626178373112e-16,7.517468997971909e-16,1.0,1.0,1.0,1.0
18,weight,wt_6m_zscore_Imputation,SVR,387,0.24249952040938544,1.037736206903163,0.9743589743589743,0.9701104613385315,0.9803921568627452,0.9746006727138803
18,weight,wt_6m_zscore_Imputation,MLP,387,0.04512015987458285,0.0734706404879879,0.9743589743589743,0.9726522187822497,0.9773755656108598,0.9746511217099453
18,weight,wt_6m_zscore_Imputation,XGB,387,0.09217128885505861,0.44532980408239586,0.9871794871794872,0.9824561403508771,0.9901960784313726,0.9860158666128815
18,bmi,BMI_12m_zscore,LinearRegression,386,3.2279089479684077e-15,5.408807968799492e-15,1.0,1.0,1.0,1.0
18,bmi,BMI_12m_zscore,SVR,386,0.6356967760404993,0.8921575168894768,0.717948717948718,0.6746031746031745,0.6568475452196383,0.6617019871921833
18,bmi,BMI_12m_zscore,MLP,386,0.2226258837903982,0.4009324397587396,0.9230769230769231,0.9339774557165862,0.903359173126615,0.9171475764187688
18,bmi,BMI_12m_zscore,XGB,386,0.0339314135196186,0.08131238338216963,0.9871794871794872,0.9924242424242425,0.9833333333333334,0.9876215738284704
18,bmi,BMI_12m_zscore_Imputation,LinearRegression,386,3.2279089479684077e-15,5.408807968799492e-15,1.0,1.0,1.0,1.0
18,bmi,BMI_12m_zscore_Imputation,SVR,386,0.6356967760404993,0.8921575168894768,0.717948717948718,0.6746031746031745,0.6568475452196383,0.6617019871921833
18,bmi,BMI_12m_zscore_Imputation,MLP,386,0.2226258837903982,0.4009324397587396,0.9230769230769231,0.9339774557165862,0.903359173126615,0.9171475764187688
18,bmi,BMI_12m_zscore_Imputation,XGB,386,0.0339314135196186,0.08131238338216963,0.9871794871794872,0.9924242424242425,0.9833333333333334,0.9876215738284704
18,height,ht_1y_zscore,LinearRegression,386,4.01566244644067e-16,5.092022788209729e-16,1.0,1.0,1.0,1.0
18,height,ht_1y_zscore,SVR,386,0.1282710397237416,0.315507742609495,0.9615384615384616,0.9634502923976608,0.9684132292827945,0.9657363912683062
18,height,ht_1y_zscore,MLP,386,0.05674258770692477,0.08048960802994634,0.9743589743589743,0.9733333333333333,0.9706196581196581,0.9710294186100638
18,height,ht_1y_zscore,XGB,386,0.011798146311398547,0.05069372824983206,1.0,1.0,1.0,1.0
18,height,ht_12m_zscore_Imputation,LinearRegression,386,4.01566244644067e-16,5.092022788209729e-16,1.0,1.0,1.0,1.0
18,height,ht_12m_zscore_Imputation,SVR,386,0.1282710397237416,0.315507742609495,0.9615384615384616,0.9634502923976608,0.9684132292827945,0.9657363912683062
18,height,ht_12m_zscore_Imputation,MLP,386,0.05674258770692477,0.08048960802994634,0.9743589743589743,0.9733333333333333,0.9706196581196581,0.9710294186100638
18,height,ht_12m_zscore_Imputation,XGB,386,0.011798146311398547,0.05069372824983206,1.0,1.0,1.0,1.0
18,weight,wt_12m_zscore,LinearRegression,387,1.683126572588779e-16,2.5906554161150734e-16,1.0,1.0,1.0,1.0
18,weight,wt_12m_zscore,SVR,387,0.1789408040209716,0.4981104545843678,0.9615384615384616,0.9545454545454546,0.9663299663299663,0.9594516594516594
18,weight,wt_12m_zscore,MLP,387,0.08921653230524725,0.2860653954556739,0.9615384615384616,0.9614906832298137,0.9663299663299663,0.9636932707355242
18,weight,wt_12m_zscore,XGB,387,0.05147042900033989,0.19859824268539836,1.0,1.0,1.0,1.0
18,weight,wt_12m_zscore_Imputation,LinearRegression,387,1.683126572588779e-16,2.5906554161150734e-16,1.0,1.0,1.0,1.0
18,weight,wt_12m_zscore_Imputation,SVR,387,0.1789408040209716,0.4981104545843678,0.9615384615384616,0.9545454545454546,0.9663299663299663,0.9594516594516594
18,weight,wt_12m_zscore_Imputation,MLP,387,0.08921653230524725,0.2860653954556739,0.9615384615384616,0.9614906832298137,0.9663299663299663,0.9636932707355242
18,weight,wt_12m_zscore_Imputation,XGB,387,0.05147042900033989,0.19859824268539836,1.0,1.0,1.0,1.0
18,bmi,BMI_18m_zscore,LinearRegression,347,0.7787908395844901,1.0680615515013276,0.7428571428571429,0.7730763859796118,0.7187233316265574,0.7271420247743147
18,bmi,BMI_18m_zscore,SVR,347,0.76280317932167,0.991701340953415,0.7428571428571429,0.7694654882154882,0.7136030039255846,0.7239326765188835
18,bmi,BMI_18m_zscore,MLP,347,0.7092708036428207,0.9724130197279874,0.7714285714285715,0.7583396995161701,0.7377538829151732,0.7436568276684555
18,bmi,BMI_18m_zscore,XGB,347,0.6584603432446768,0.8252389427691762,0.7,0.6715394491129785,0.6686294589520396,0.6698412698412698
18,bmi,BMI_18m_zscore_Imputation,LinearRegression,372,6.682863020990518,53.30651660909896,0.76,0.7894736842105262,0.7264957264957266,0.7355575459023735
18,bmi,BMI_18m_zscore_Imputation,SVR,372,0.570792479983349,0.7575259720994825,0.76,0.7628205128205128,0.7165242165242165,0.7255189255189256
18,bmi,BMI_18m_zscore_Imputation,MLP,372,6.455401557138957,50.778279768372066,0.7333333333333333,0.7267803517803518,0.6994301994301995,0.7053049289891394
18,bmi,BMI_18m_zscore_Imputation,XGB,372,0.7414151293858403,0.9408704708852816,0.72,0.7279800809212574,0.7008547008547009,0.7017503805175038
18,height,ht_18m_zscore,LinearRegression,346,0.69826769023307,0.9334894337554921,0.7,0.6566234426646326,0.6352960499301963,0.641082638674488
18,height,ht_18m_zscore,SVR,346,0.5932106580918728,0.8073043122826806,0.7857142857142857,0.734967320261438,0.6840765377350744,0.7033280876610131
18,height,ht_18m_zscore,MLP,346,0.6204185182150074,0.8358459341295745,0.8,0.7802879291251384,0.7129834934712983,0.7343358395989975
18,height,ht_18m_zscore,XGB,346,0.748211332293662,1.0060165469361777,0.7428571428571429,0.7301587301587302,0.6479017820481235,0.6685683912119064
18,height,ht_18m_zscore_Imputation,LinearRegression,370,0.5407209947973517,0.7015498948499641,0.7972972972972973,0.8023467760309866,0.7813438438438438,0.7903875968992248
18,height,ht_18m_zscore_Imputation,SVR,370,0.47720250451008445,0.5879022965895686,0.8108108108108109,0.8305555555555556,0.7903528528528528,0.8067870826491516
18,height,ht_18m_zscore_Imputation,MLP,370,0.5089311541049095,0.6462757066282162,0.7702702702702703,0.8012820512820512,0.7396771771771772,0.7597141000649773
18,height,ht_18m_zscore_Imputation,XGB,370,0.5428400849850836,0.714316888796378,0.7972972972972973,0.8069800569800569,0.7714232089232089,0.7810925594370653
18,weight,wt_18m_zscore,LinearRegression,349,0.3113408486235693,0.5635397652695294,0.8285714285714286,0.8332399626517274,0.8257132730816942,0.8241072165567337
18,weight,wt_18m_zscore,SVR,349,0.3264544500762759,0.5201267382526162,0.8428571428571429,0.8515151515151516,0.8432571327308169,0.8406714200831847
18,weight,wt_18m_zscore,MLP,349,0.33861948458293295,0.615247922269811,0.8428571428571429,0.8420159852797423,0.8506999822789297,0.842361111111111
18,weight,wt_18m_zscore,XGB,349,0.4594662148617366,0.6650080806439677,0.7714285714285715,0.7736742424242425,0.7768917242601452,0.7706959706959706
18,weight,wt_18m_zscore_Imputation,LinearRegression,370,0.33892400498928865,0.5844354245791998,0.8243243243243243,0.8550997150997152,0.8055555555555557,0.8182060255629945
18,weight,wt_18m_zscore_Imputation,SVR,370,0.3639588769452157,0.5716208316799035,0.8108108108108109,0.8304761904761905,0.7936507936507936,0.8038584406508935
18,weight,wt_18m_zscore_Imputation,MLP,370,0.3464089794181851,0.5639111068349755,0.7972972972972973,0.8227513227513228,0.7817460317460317,0.7924679487179488
18,weight,wt_18m_zscore_Imputation,XGB,370,0.4503993305830481,0.6504628861436244,0.7972972972972973,0.8086274509803922,0.7817460317460317,0.7897969346539035
24,bmi,BMI_birth_zscore,LinearRegression,347,7.01200010753768e-16,2.6081868063117353e-15,1.0,1.0,1.0,1.0
24,bmi,BMI_birth_zscore,SVR,347,1.1574092632712951,6.925406952202735,0.9285714285714286,0.3333333333333333,0.30952380952380953,0.3209876543209877
24,bmi,BMI_birth_zscore,MLP,347,0.09230840255823053,0.27942279018827465,0.9714285714285714,0.5,0.4857142857142857,0.49275362318840576
24,bmi,BMI_birth_zscore,XGB,347,0.6248557029905636,4.157320502194497,0.9428571428571428,0.3333333333333333,0.3142857142857143,0.3235294117647059
24,height,ht_birth_zscore,LinearRegression,346,6.578071420904052e-16,1.0790058110739023e-15,1.0,1.0,1.0,1.0
24,height,ht_birth_zscore,SVR,346,0.31501968305800215,1.3830803695098897,0.9571428571428572,0.3333333333333333,0.3190476190476191,0.3260340632603406
24,height,ht_birth_zscore,MLP,346,0.0631235796777199,0.08324396559370853,1.0,1.0,1.0,1.0
24,height,ht_birth_zscore,XGB,346,0.14673872376313454,0.7461408124048752,0.9571428571428572,0.5,0.4785714285714286,0.4890510948905109
24,weight,wt_birth_zscore,LinearRegression,349,4.0326125375475135e-16,5.193246830102877e-16,1.0,1.0,1.0,1.0
24,weight,wt_birth_zscore,SVR,349,0.1894957670726566,0.6074667399639692,0.9428571428571428,0.3333333333333333,0.3142857142857143,0.3235294117647059
24,weight,wt_birth_zscore,MLP,349,0.05723462850121996,0.08932269327725251,1.0,1.0,1.0,1.0
24,weight,wt_birth_zscore,XGB,349,0.05680470715455235,0.19342214811210345,0.9714285714285714,0.3333333333333333,0.3238095238095238,0.32850241545893716
24,bmi,BMI_6m_zscore,LinearRegression,347,2.905537913441439e-16,6.701284243678124e-16,1.0,1.0,1.0,1.0
24,bmi,BMI_6m_zscore,SVR,347,0.20985261791353318,0.8779808176613104,0.9857142857142858,0.9871794871794872,0.9901960784313726,0.9884889279094722
24,bmi,BMI_6m_zscore,MLP,347,0.056822866494006474,0.12618013280345444,0.9857142857142858,0.9722222222222222,0.9866666666666667,0.9787045252883763
24,bmi,BMI_6m_zscore,XGB,347,0.09168887379768609,0.47643819718157937,1.0,1.0,1.0,1.0
24,bmi,BMI_6m_zscore_Imputation,LinearRegression,347,2.905537913441439e-16,6.701284243678124e-16,1.0,1.0,1.0,1.0
24,bmi,BMI_6m_zscore_Imputation,SVR,347,0.20985261791353318,0.8779808176613104,0.9857142857142858,0.9871794871794872,0.9901960784313726,0.9884889279094722
24,bmi,BMI_6m_zscore_Imputation,MLP,347,0.056822866494006474,0.12618013280345444,0.9857142857142858,0.9722222222222222,0.9866666666666667,0.9787045252883763
24,bmi,BMI_6m_zscore_Imputation,XGB,347,0.09168887379768609,0.47643819718157937,1.0,1.0,1.0,1.0
24,height,ht_6m_zscore,LinearRegression,346,1.9587506220172404e-16,2.6828110882103307e-16,1.0,1.0,1.0,1.0
24,height,ht_6m_zscore,SVR,346,0.11372117490530019,0.33856770529295144,0.9857142857142858,0.9848484848484849,0.9743589743589745,0.9789147286821706
24,height,ht_6m_zscore,MLP,346,0.06140694115651179,0.08547686394505918,0.9857142857142858,0.990990990990991,0.9841269841269842,0.9873037086535249
24,height,ht_6m_zscore,XGB,346,0.006795048139423431,0.020553027970386318,1.0,1.0,1.0,1.0
24,height,ht_6m_zscore_Imputation,LinearRegression,346,1.9587506220172404e-16,2.6828110882103307e-16,1.0,1.0,1.0,1.0
24,height,ht_6m_zscore_Imputation,SVR,346,0.11372117490530019,0.33856770529295144,0.9857142857142858,0.9848484848484849,0.9743589743589745,0.9789147286821706
24,height,ht_6m_zscore_Imputation,MLP,346,0.06140694115651179,0.08547686394505918,0.9857142857142858,0.990990990990991,0.9841269841269842,0.9873037086535249
24,height,ht_6m_zscore_Imputation,XGB,346,0.006795048139423431,0.020553027970386318,1.0,1.0,1.0,1.0
24,weight,wt_6m_zscore,LinearRegression,349,6.052698025322505e-16,7.6995551916705095e-16,1.0,1.0,1.0,1.0
24,weight,wt_6m_zscore,SVR,349,0.15806425923631454,0.54140785420871,0.9714285714285714,0.9487179487179488,0.9770784770784772,0.9605580693815988
24,weight,wt_6m_zscore,MLP,349,0.0411937477619071,0.08065650356702604,0.9714285714285714,0.980952380952381,0.9743589743589745,0.9768627450980393
24,weight,wt_6m_zscore,XGB,349,0.04773693214531952,0.18758664564745572,1.0,1.0,1.0,1.0
24,weight,wt_6m_zscore_Imputation,LinearRegression,349,6.052698025322505e-16,7.6995551916705095e-16,1.0,1.0,1.0,1.0
24,weight,wt_6m_zscore_Imputation,SVR,349,0.15806425923631454,0.54140785420871,0.9714285714285714,0.9487179487179488,0.9770784770784772,0.9605580693815988
24,weight,wt_6m_zscore_Imputation,MLP,349,0.0411937477619071,0.08065650356702604,0.9714285714285714,0.980952380952381,0.9743589743589745,0.9768627450980393
24,weight,wt_6m_zscore_Imputation,XGB,349,0.04773693214531952,0.18758664564745572,1.0,1.0,1.0,1.0
24,bmi,BMI_12m_zscore,LinearRegression,347,8.762930857132899e-15,1.158175367254231e-14,1.0,1.0,1.0,1.0
24,bmi,BMI_12m_zscore,SVR,347,0.6317270421107303,0.8685572682743659,0.8,0.786414873371395,0.7518207282913165,0.7628038628038629
24,bmi,BMI_12m_zscore,MLP,347,0.2523712227164192,0.3562120084306151,0.9285714285714286,0.9193806193806194,0.9015873015873016,0.9087903445840757
24,bmi,BMI_12m_zscore,XGB,347,0.04641842754756951,0.08281471531984609,0.9857142857142858,0.9848484848484849,0.9901960784313726,0.9872729376373944
24,bmi,BMI_12m_zscore_Imputation,LinearRegression,347,8.762930857132899e-15,1.158175367254231e-14,1.0,1.0,1.0,1.0
24,bmi,BMI_12m_zscore_Imputation,SVR,347,0.6317270421107303,0.8685572682743659,0.8,0.786414873371395,0.7518207282913165,0.7628038628038629
24,bmi,BMI_12m_zscore_Imputation,MLP,347,0.2523712227164192,0.3562120084306151,0.9285714285714286,0.9193806193806194,0.9015873015873016,0.9087903445840757
24,bmi,BMI_12m_zscore_Imputation,XGB,347,0.04641842754756951,0.08281471531984609,0.9857142857142858,0.9848484848484849,0.9901960784313726,0.9872729376373944
24,height,ht_1y_zscore,LinearRegression,346,5.208135510161226e-16,7.810635828872019e-16,1.0,1.0,1.0,1.0
24,height,ht_1y_zscore,SVR,346,0.13014453199451478,0.2555031885899165,0.9714285714285714,0.9444444444444445,0.9649122807017544,0.9511784511784512
24,height,ht_1y_zscore,MLP,346,0.07272186714302335,0.11512469155472245,0.9714285714285714,0.9521531100478469,0.9743260590500641,0.9624678981404128
24,height,ht_1y_zscore,XGB,346,0.025641564840912078,0.12063914654519256,1.0,1.0,1.0,1.0
24,height,ht_12m_zscore_Imputation,LinearRegression,346,5.208135510161226e-16,7.810635828872019e-16,1.0,1.0,1.0,1.0
24,height,ht_12m_zscore_Imputation,SVR,346,0.13014453199451478,0.2555031885899165,0.9714285714285714,0.9444444444444445,0.9649122807017544,0.9511784511784512
24,height,ht_12m_zscore_Imputation,MLP,346,0.07272186714302335,0.11512469155472245,0.9714285714285714,0.9521531100478469,0.9743260590500641,0.9624678981404128
24,height,ht_12m_zscore_Imputation,XGB,346,0.025641564840912078,0.12063914654519256,1.0,1.0,1.0,1.0
24,weight,wt_12m_zscore,LinearRegression,349,5.223995839084442e-16,7.222794814683154e-16,1.0,1.0,1.0,1.0
24,weight,wt_12m_zscore,SVR,349,0.08382916203082354,0.19998763847791554,0.9285714285714286,0.9289562289562289,0.9333504010923366,0.9309032631564085
24,weight,wt_12m_zscore,MLP,349,0.03871266544876195,0.05546959620339803,0.9714285714285714,0.9797979797979798,0.9629629629629629,0.9699754901960785
24,weight,wt_12m_zscore,XGB,349,0.028368640271651913,0.07205367565251676,0.9857142857142858,0.9895833333333334,0.9841269841269842,0.9865789134081817
24,weight,wt_12m_zscore_Imputation,LinearRegression,349,5.223995839084442e-16,7.222794814683154e-16,1.0,1.0,1.0,1.0
24,weight,wt_12m_zscore_Imputation,SVR,349,0.08382916203082354,0.19998763847791554,0.9285714285714286,0.9289562289562289,0.9333504010923366,0.9309032631564085
24,weight,wt_12m_zscore_Imputation,MLP,349,0.03871266544876195,0.05546959620339803,0.9714285714285714,0.9797979797979798,0.9629629629629629,0.9699754901960785
24,weight,wt_12m_zscore_Imputation,XGB,349,0.028368640271651913,0.07205367565251676,0.9857142857142858,0.9895833333333334,0.9841269841269842,0.9865789134081817
24,bmi,BMI_18m_zscore,LinearRegression,347,4.16631015401744e-16,1.1586238744408646e-15,1.0,1.0,1.0,1.0
24,bmi,BMI_18m_zscore,SVR,347,0.1673365776415068,0.38071014207560716,0.9714285714285714,0.9665831244778612,0.9733742959549412,0.9696534942436582
24,bmi,BMI_18m_zscore,MLP,347,0.05836106362259185,0.08430093346809624,0.9714285714285714,0.9665831244778612,0.9733742959549412,0.9696534942436582
24,bmi,BMI_18m_zscore,XGB,347,0.03435064939563357,0.061057079604415525,1.0,1.0,1.0,1.0
24,bmi,BMI_18m_zscore_Imputation,LinearRegression,347,4.16631015401744e-16,1.1586238744408646e-15,1.0,1.0,1.0,1.0
24,bmi,BMI_18m_zscore_Imputation,SVR,347,0.1673365776415068,0.38071014207560716,0.9714285714285714,0.9665831244778612,0.9733742959549412,0.9696534942436582
24,bmi,BMI_18m_zscore_Imputation,MLP,347,0.05836106362259185,0.08430093346809624,0.9714285714285714,0.9665831244778612,0.9733742959549412,0.9696534942436582
24,bmi,BMI_18m_zscore_Imputation,XGB,347,0.03435064939563357,0.061057079604415525,1.0,1.0,1.0,1.0
24,height,ht_18m_zscore,LinearRegression,346,4.825505074888627e-16,6.449556977387976e-16,1.0,1.0,1.0,1.0
24,height,ht_18m_zscore,SVR,346,0.13642246683164358,0.23806331440577033,0.9714285714285714,0.9844961240310077,0.9629629629629629,0.9724556489262373
24,height,ht_18m_zscore,MLP,346,0.06287466217209237,0.08480060044453348,0.9714285714285714,0.9537037037037036,0.9733514001806686,0.9628735015208445
24,height,ht_18m_zscore,XGB,346,0.02295295860080466,0.09011568480782751,0.9857142857142858,0.9920634920634921,0.9814814814814815,0.9864601262191623
24,height,ht_18m_zscore_Imputation,LinearRegression,346,4.825505074888627e-16,6.449556977387976e-16,1.0,1.0,1.0,1.0
24,height,ht_18m_zscore_Imputation,SVR,346,0.13642246683164358,0.23806331440577033,0.9714285714285714,0.9844961240310077,0.9629629629629629,0.9724556489262373
24,height,ht_18m_zscore_Imputation,MLP,346,0.06287466217209237,0.08480060044453348,0.9714285714285714,0.9537037037037036,0.9733514001806686,0.9628735015208445
24,height,ht_18m_zscore_Imputation,XGB,346,0.02295295860080466,0.09011568480782751,0.9857142857142858,0.9920634920634921,0.9814814814814815,0.9864601262191623
24,weight,wt_18m_zscore,LinearRegression,349,2.9123528985256336e-16,4.4324272540780853e-16,1.0,1.0,1.0,1.0
24,weight,wt_18m_zscore,SVR,349,0.10580142371096346,0.3413974951143313,0.9571428571428572,0.9523809523809524,0.9622541201488569,0.9549332986832987
24,weight,wt_18m_zscore,MLP,349,0.04611992232641035,0.0918875690159472,0.9714285714285714,0.9666666666666667,0.9797979797979798,0.9720394736842106
24,weight,wt_18m_zscore,XGB,349,0.03526483917838497,0.09105391586726408,0.9714285714285714,0.9723551302498671,0.9723551302498671,0.9718809718809719
24,weight,wt_18m_zscore_Imputation,LinearRegression,349,2.9123528985256336e-16,4.4324272540780853e-16,1.0,1.0,1.0,1.0
24,weight,wt_18m_zscore_Imputation,SVR,349,0.10580142371096346,0.3413974951143313,0.9571428571428572,0.9523809523809524,0.9622541201488569,0.9549332986832987
24,weight,wt_18m_zscore_Imputation,MLP,349,0.04611992232641035,0.0918875690159472,0.9714285714285714,0.9666666666666667,0.9797979797979798,0.9720394736842106
24,weight,wt_18m_zscore_Imputation,XGB,349,0.03526483917838497,0.09105391586726408,0.9714285714285714,0.9723551302498671,0.9723551302498671,0.9718809718809719
24,bmi,BMI_24m_zscore,LinearRegression,254,0.8900284980623298,1.5114808396356347,0.803921568627451,0.7823953823953825,0.797979797979798,0.7859101654846335
24,bmi,BMI_24m_zscore,SVR,254,0.8928491855689433,1.4834405926309593,0.803921568627451,0.7898550724637682,0.797979797979798,0.7899616858237547
24,bmi,BMI_24m_zscore,MLP,254,0.8829858306641568,1.4579733432154613,0.8431372549019608,0.8281573498964803,0.8416161616161616,0.8305172413793104
24,bmi,BMI_24m_zscore,XGB,254,1.0716608343387275,1.7442060477508703,0.7058823529411765,0.7148148148148149,0.7313131313131315,0.7053550744007842
24,bmi,BMIt_24m_zscore_Imputation,LinearRegression,283,0.6949954730273831,0.8819155823015639,0.7017543859649122,0.7071371610845295,0.6906897926634769,0.6956709956709957
24,bmi,BMIt_24m_zscore_Imputation,SVR,283,0.7078015922424671,0.9031091222647746,0.6842105263157895,0.666566985645933,0.666566985645933,0.666566985645933
24,bmi,BMIt_24m_zscore_Imputation,MLP,283,0.6866482071018125,0.8889134232415807,0.6842105263157895,0.6838206627680313,0.6755382775119617,0.6776490776490777
24,bmi,BMIt_24m_zscore_Imputation,XGB,283,1.1264939819942952,1.6927243092787916,0.631578947368421,0.63635477582846,0.6276913875598086,0.6285431773236652
24,height,ht_24m_zscore,LinearRegression,255,0.5245024075480209,0.8288737957410158,0.803921568627451,0.7928737928737929,0.7777777777777777,0.784087956021989
24,height,ht_24m_zscore,SVR,255,0.5526100771861184,0.813500505618189,0.7843137254901961,0.7628205128205128,0.7555555555555555,0.7576190476190475
24,height,ht_24m_zscore,MLP,255,0.5232607677005783,0.8458762374637679,0.7843137254901961,0.7709401709401709,0.75,0.7579797979797979
24,height,ht_24m_zscore,XGB,255,0.6473257664437053,0.9494676908139836,0.7254901960784313,0.7128623188405797,0.7138888888888889,0.713051933196065
24,height,ht_24m_zscore_Imputation,LinearRegression,283,0.47543616101581765,0.6109645718454134,0.8245614035087719,0.82991452991453,0.8102240896358545,0.8146376041112884
24,height,ht_24m_zscore_Imputation,SVR,283,0.4938317725010951,0.6383713027617519,0.8070175438596491,0.8074074074074074,0.7670401493930906,0.7813902572523261
24,height,ht_24m_zscore_Imputation,MLP,283,0.5539954153039022,0.7689203681765577,0.8070175438596491,0.7740642499263188,0.7752100840336135,0.7732602339181286
24,height,ht_24m_zscore_Imputation,XGB,283,0.6051252250940128,0.7550779630525802,0.8070175438596491,0.7829131652661064,0.7829131652661064,0.7829131652661064
24,weight,wt_24m_zscore,LinearRegression,256,0.4159611417118507,0.5028716375001551,0.8461538461538461,0.8828282828282829,0.8130718954248367,0.8425925925925927
24,weight,wt_24m_zscore,SVR,256,0.4243468780508834,0.5266063145670979,0.8269230769230769,0.8645833333333334,0.8019607843137256,0.8290431193657
24,weight,wt_24m_zscore,MLP,256,0.409616961011106,0.5045099416485572,0.8461538461538461,0.8352092352092352,0.8130718954248367,0.8210274790919954
24,weight,wt_24m_zscore,XGB,256,0.4861181754677189,0.6305483203269251,0.7884615384615384,0.7774891774891776,0.7627450980392158,0.7674347158218127
24,weight,wt_24m_zscore_Imputation,LinearRegression,284,0.42306349841854685,0.5232639193279025,0.9122807017543859,0.9291666666666667,0.8885233918128655,0.9061285936285937
24,weight,wt_24m_zscore_Imputation,SVR,284,0.4340516074324599,0.5451069638423464,0.9122807017543859,0.9291666666666667,0.8885233918128655,0.9061285936285937
24,weight,wt_24m_zscore_Imputation,MLP,284,0.43502349179984073,0.5605592759554833,0.9122807017543859,0.9291666666666667,0.8885233918128655,0.9061285936285937
24,weight,wt_24m_zscore_Imputation,XGB,284,0.5072005955427072,0.6122195814481146,0.8421052631578947,0.8348765432098766,0.8468567251461989,0.8351289799851093
36,bmi,BMI_birth_zscore,LinearRegression,254,9.52941429469926e-16,1.3153860105324959e-15,1.0,1.0,1.0,1.0
36,bmi,BMI_birth_zscore,SVR,254,0.3561588433062405,1.1832479747727898,0.9411764705882353,0.3333333333333333,0.3137254901960784,0.32323232323232326
36,bmi,BMI_birth_zscore,MLP,254,0.06726618390590151,0.09331989482376465,1.0,1.0,1.0,1.0
36,bmi,BMI_birth_zscore,XGB,254,0.21670918399389316,1.0084804525059896,0.9411764705882353,0.5,0.47058823529411764,0.48484848484848486
36,height,ht_birth_zscore,LinearRegression,255,4.0408852734518565e-16,5.855722270554146e-16,1.0,1.0,1.0,1.0
36,height,ht_birth_zscore,SVR,255,0.5033747026325841,1.6818120276437016,0.9019607843137255,0.3333333333333333,0.3006535947712418,0.31615120274914094
36,height,ht_birth_zscore,MLP,255,0.1074402516873926,0.14802009718740888,1.0,1.0,1.0,1.0
36,height,ht_birth_zscore,XGB,255,0.21671794585136586,1.0569311542788118,0.9607843137254902,0.5,0.4803921568627451,0.49
36,weight,wt_birth_zscore,LinearRegression,256,9.252748140325523e-16,1.1773344121632254e-15,1.0,1.0,1.0,1.0
36,weight,wt_birth_zscore,SVR,256,0.06878969840434873,0.10203281928783124,1.0,1.0,1.0,1.0
36,weight,wt_birth_zscore,MLP,256,0.05179801257409132,0.07096856760517534,1.0,1.0,1.0,1.0
36,weight,wt_birth_zscore,XGB,256,0.029215320452165888,0.06267587670722116,1.0,1.0,1.0,1.0
36,bmi,BMI_6m_zscore,LinearRegression,254,4.31367904359566e-16,6.186103293975505e-16,1.0,1.0,1.0,1.0
36,bmi,BMI_6m_zscore,SVR,254,0.09638386395664181,0.21622155705415885,1.0,1.0,1.0,1.0
36,bmi,BMI_6m_zscore,MLP,254,0.047879630544484256,0.06992494137344285,1.0,1.0,1.0,1.0
36,bmi,BMI_6m_zscore,XGB,254,0.03077575176389699,0.048842655312357805,1.0,1.0,1.0,1.0
36,bmi,BMI_6m_zscore_Imputation,LinearRegression,254,4.31367904359566e-16,6.186103293975505e-16,1.0,1.0,1.0,1.0
36,bmi,BMI_6m_zscore_Imputation,SVR,254,0.09638386395664181,0.21622155705415885,1.0,1.0,1.0,1.0
36,bmi,BMI_6m_zscore_Imputation,MLP,254,0.047879630544484256,0.06992494137344285,1.0,1.0,1.0,1.0
36,bmi,BMI_6m_zscore_Imputation,XGB,254,0.03077575176389699,0.048842655312357805,1.0,1.0,1.0,1.0
36,height,ht_6m_zscore,LinearRegression,255,2.506165209999434e-16,3.5541823628744943e-16,1.0,1.0,1.0,1.0
36,height,ht_6m_zscore,SVR,255,0.152137656811552,0.4096068919890907,0.9803921568627451,0.9743589743589745,0.9743589743589745,0.9733333333333333
36,height,ht_6m_zscore,MLP,255,0.0738991475856699,0.0978033954632522,0.9803921568627451,0.9743589743589745,0.9743589743589745,0.9733333333333333
36,height,ht_6m_zscore,XGB,255,0.00869716175976189,0.021029204700360925,1.0,1.0,1.0,1.0
36,height,ht_6m_zscore_Imputation,LinearRegression,255,2.506165209999434e-16,3.5541823628744943e-16,1.0,1.0,1.0,1.0
36,height,ht_6m_zscore_Imputation,SVR,255,0.152137656811552,0.4096068919890907,0.9803921568627451,0.9743589743589745,0.9743589743589745,0.9733333333333333
36,height,ht_6m_zscore_Imputation,MLP,255,0.0738991475856699,0.0978033954632522,0.9803921568627451,0.9743589743589745,0.9743589743589745,0.9733333333333333
36,height,ht_6m_zscore_Imputation,XGB,255,0.00869716175976189,0.021029204700360925,1.0,1.0,1.0,1.0
36,weight,wt_6m_zscore,LinearRegression,256,1.16693513826286e-15,1.4066789951259249e-15,1.0,1.0,1.0,1.0
36,weight,wt_6m_zscore,SVR,256,0.06674165843769023,0.09244684971281686,0.9807692307692307,0.9861111111111112,0.9791666666666666,0.9821551132463967
36,weight,wt_6m_zscore,MLP,256,0.045049045263109454,0.054882640704011165,0.9807692307692307,0.9761904761904763,0.9855072463768115,0.9802469135802468
36,weight,wt_6m_zscore,XGB,256,0.03460571415612639,0.071162025773274,1.0,1.0,1.0,1.0
36,weight,wt_6m_zscore_Imputation,LinearRegression,256,1.16693513826286e-15,1.4066789951259249e-15,1.0,1.0,1.0,1.0
36,weight,wt_6m_zscore_Imputation,SVR,256,0.06674165843769023,0.09244684971281686,0.9807692307692307,0.9861111111111112,0.9791666666666666,0.9821551132463967
36,weight,wt_6m_zscore_Imputation,MLP,256,0.045049045263109454,0.054882640704011165,0.9807692307692307,0.9761904761904763,0.9855072463768115,0.9802469135802468
36,weight,wt_6m_zscore_Imputation,XGB,256,0.03460571415612639,0.071162025773274,1.0,1.0,1.0,1.0
36,bmi,BMI_12m_zscore,LinearRegression,254,6.6395690688367206e-15,9.703217956702467e-15,1.0,1.0,1.0,1.0
36,bmi,BMI_12m_zscore,SVR,254,0.6435594489344351,0.9114870127904652,0.7254901960784313,0.6607142857142857,0.642020202020202,0.6342759325952603
36,bmi,BMI_12m_zscore,MLP,254,0.36555361827077604,0.5466849759769493,0.9215686274509803,0.9209401709401709,0.9199999999999999,0.9182803556205091
36,bmi,BMI_12m_zscore,XGB,254,0.09363600025927259,0.2344302847167644,1.0,1.0,1.0,1.0
36,bmi,BMI_12m_zscore_Imputation,LinearRegression,254,6.6395690688367206e-15,9.703217956702467e-15,1.0,1.0,1.0,1.0
36,bmi,BMI_12m_zscore_Imputation,SVR,254,0.6435594489344351,0.9114870127904652,0.7254901960784313,0.6607142857142857,0.642020202020202,0.6342759325952603
36,bmi,BMI_12m_zscore_Imputation,MLP,254,0.36555361827077604,0.5466849759769493,0.9215686274509803,0.9209401709401709,0.9199999999999999,0.9182803556205091
36,bmi,BMI_12m_zscore_Imputation,XGB,254,0.09363600025927259,0.2344302847167644,1.0,1.0,1.0,1.0
36,height,ht_1y_zscore,LinearRegression,255,8.492661911409592e-16,1.1292190036389943e-15,1.0,1.0,1.0,1.0
36,height,ht_1y_zscore,SVR,255,0.163835858248788,0.32871251416168545,0.9215686274509803,0.891358024691358,0.9021164021164022,0.8962498548705445
36,height,ht_1y_zscore,MLP,255,0.08591710104213382,0.12294221003229544,0.9411764705882353,0.9111111111111111,0.9391534391534391,0.9235284891667227
36,height,ht_1y_zscore,XGB,255,0.016523116886575283,0.041721688556694454,1.0,1.0,1.0,1.0
36,height,ht_12m_zscore_Imputation,LinearRegression,255,8.492661911409592e-16,1.1292190036389943e-15,1.0,1.0,1.0,1.0
36,height,ht_12m_zscore_Imputation,SVR,255,0.163835858248788,0.32871251416168545,0.9215686274509803,0.891358024691358,0.9021164021164022,0.8962498548705445
36,height,ht_12m_zscore_Imputation,MLP,255,0.08591710104213382,0.12294221003229544,0.9411764705882353,0.9111111111111111,0.9391534391534391,0.9235284891667227
36,height,ht_12m_zscore_Imputation,XGB,255,0.016523116886575283,0.041721688556694454,1.0,1.0,1.0,1.0
36,weight,wt_12m_zscore,LinearRegression,256,1.6443844149586303e-15,2.0590600502792997e-15,1.0,1.0,1.0,1.0
36,weight,wt_12m_zscore,SVR,256,0.07370220088856373,0.11136209558921206,0.9615384615384616,0.957351290684624,0.9654320987654321,0.9602870522410751
36,weight,wt_12m_zscore,MLP,256,0.055926575403299456,0.07293897727257571,0.9807692307692307,0.9880952380952381,0.9777777777777779,0.9824451410658308
36,weight,wt_12m_zscore,XGB,256,0.02871883540103847,0.049040693292149114,1.0,1.0,1.0,1.0
36,weight,wt_12m_zscore_Imputation,LinearRegression,256,1.6443844149586303e-15,2.0590600502792997e-15,1.0,1.0,1.0,1.0
36,weight,wt_12m_zscore_Imputation,SVR,256,0.07370220088856373,0.11136209558921206,0.9615384615384616,0.957351290684624,0.9654320987654321,0.9602870522410751
36,weight,wt_12m_zscore_Imputation,MLP,256,0.055926575403299456,0.07293897727257571,0.9807692307692307,0.9880952380952381,0.9777777777777779,0.9824451410658308
36,weight,wt_12m_zscore_Imputation,XGB,256,0.02871883540103847,0.049040693292149114,1.0,1.0,1.0,1.0
36,bmi,BMI_18m_zscore,LinearRegression,254,6.096022379697321e-16,8.375624021115182e-16,1.0,1.0,1.0,1.0
36,bmi,BMI_18m_zscore,SVR,254,0.09842951092590305,0.15740613015524635,0.9803921568627451,0.9743589743589745,0.9824561403508771,0.9776576576576576
36,bmi,BMI_18m_zscore,MLP,254,0.05340832982074406,0.07583026957631905,0.9803921568627451,0.9833333333333334,0.9722222222222222,0.976960237829803
36,bmi,BMI_18m_zscore,XGB,254,0.04383198957680091,0.07422046092753727,1.0,1.0,1.0,1.0
36,bmi,BMI_18m_zscore_Imputation,LinearRegression,254,6.096022379697321e-16,8.375624021115182e-16,1.0,1.0,1.0,1.0
36,bmi,BMI_18m_zscore_Imputation,SVR,254,0.09842951092590305,0.15740613015524635,0.9803921568627451,0.9743589743589745,0.9824561403508771,0.9776576576576576
36,bmi,BMI_18m_zscore_Imputation,MLP,254,0.05340832982074406,0.07583026957631905,0.9803921568627451,0.9833333333333334,0.9722222222222222,0.976960237829803
36,bmi,BMI_18m_zscore_Imputation,XGB,254,0.04383198957680091,0.07422046092753727,1.0,1.0,1.0,1.0
36,height,ht_18m_zscore,LinearRegression,255,5.138863191187765e-16,6.689404501363478e-16,1.0,1.0,1.0,1.0
36,height,ht_18m_zscore,SVR,255,0.1201303766645115,0.19669954565889886,0.9803921568627451,0.9722222222222222,0.9696969696969697,0.9696342305037957
36,height,ht_18m_zscore,MLP,255,0.06736869469269291,0.10586039473660874,0.9803921568627451,0.9888888888888889,0.9696969696969697,0.9784772666128599
36,height,ht_18m_zscore,XGB,255,0.019367453195556862,0.04216759485375567,0.9803921568627451,0.9888888888888889,0.9696969696969697,0.9784772666128599
36,height,ht_18m_zscore_Imputation,LinearRegression,255,5.138863191187765e-16,6.689404501363478e-16,1.0,1.0,1.0,1.0
36,height,ht_18m_zscore_Imputation,SVR,255,0.1201303766645115,0.19669954565889886,0.9803921568627451,0.9722222222222222,0.9696969696969697,0.9696342305037957
36,height,ht_18m_zscore_Imputation,MLP,255,0.06736869469269291,0.10586039473660874,0.9803921568627451,0.9888888888888889,0.9696969696969697,0.9784772666128599
36,height,ht_18m_zscore_Imputation,XGB,255,0.019367453195556862,0.04216759485375567,0.9803921568627451,0.9888888888888889,0.9696969696969697,0.9784772666128599
36,weight,wt_18m_zscore,LinearRegression,256,8.049116928532385e-16,9.927115040505773e-16,1.0,1.0,1.0,1.0
36,weight,wt_18m_zscore,SVR,256,0.05423082139378253,0.07027659952174006,0.9423076923076923,0.9642857142857143,0.9137254901960784,0.9339940283336511
36,weight,wt_18m_zscore,MLP,256,0.059654448307460965,0.08572054042839992,0.9807692307692307,0.9696969696969697,0.9866666666666667,0.9773242630385487
36,weight,wt_18m_zscore,XGB,256,0.024075449109114053,0.045441701263961555,0.9807692307692307,0.9871794871794872,0.9666666666666667,0.9759201926384589
36,weight,wt_18m_zscore_Imputation,LinearRegression,256,8.049116928532385e-16,9.927115040505773e-16,1.0,1.0,1.0,1.0
36,weight,wt_18m_zscore_Imputation,SVR,256,0.05423082139378253,0.07027659952174006,0.9423076923076923,0.9642857142857143,0.9137254901960784,0.9339940283336511
36,weight,wt_18m_zscore_Imputation,MLP,256,0.059654448307460965,0.08572054042839992,0.9807692307692307,0.9696969696969697,0.9866666666666667,0.9773242630385487
36,weight,wt_18m_zscore_Imputation,XGB,256,0.024075449109114053,0.045441701263961555,0.9807692307692307,0.9871794871794872,0.9666666666666667,0.9759201926384589
36,bmi,BMI_24m_zscore,LinearRegression,254,6.530723674265627e-16,8.740522390604012e-16,1.0,1.0,1.0,1.0
36,bmi,BMI_24m_zscore,SVR,254,0.27990246336575597,0.9133805395783051,0.9803921568627451,0.9871794871794872,0.9696969696969697,0.9775910364145659
36,bmi,BMI_24m_zscore,MLP,254,0.06531697040974363,0.10236859864972954,0.9803921568627451,0.9722222222222222,0.9866666666666667,0.9787045252883763
36,bmi,BMI_24m_zscore,XGB,254,0.1439547052391436,0.45635647373611604,1.0,1.0,1.0,1.0
36,bmi,BMIt_24m_zscore_Imputation,LinearRegression,254,6.530723674265627e-16,8.740522390604012e-16,1.0,1.0,1.0,1.0
36,bmi,BMIt_24m_zscore_Imputation,SVR,254,0.27990246336575597,0.9133805395783051,0.9803921568627451,0.9871794871794872,0.9696969696969697,0.9775910364145659
36,bmi,BMIt_24m_zscore_Imputation,MLP,254,0.06531697040974363,0.10236859864972954,0.9803921568627451,0.9722222222222222,0.9866666666666667,0.9787045252883763
36,bmi,BMIt_24m_zscore_Imputation,XGB,254,0.1439547052391436,0.45635647373611604,1.0,1.0,1.0,1.0
36,height,ht_24m_zscore,LinearRegression,255,3.2952943206398643e-16,4.727283270692928e-16,1.0,1.0,1.0,1.0
36,height,ht_24m_zscore,SVR,255,0.20488222030760705,0.5083248516082713,0.9215686274509803,0.9523809523809524,0.9055555555555556,0.9228291836987489
36,height,ht_24m_zscore,MLP,255,0.11323676458574172,0.19192560384531987,0.9215686274509803,0.9373219373219372,0.9055555555555556,0.9182803556205091
36,height,ht_24m_zscore,XGB,255,0.023255455466889185,0.05881474332152677,1.0,1.0,1.0,1.0
36,height,ht_24m_zscore_Imputation,LinearRegression,255,3.2952943206398643e-16,4.727283270692928e-16,1.0,1.0,1.0,1.0
36,height,ht_24m_zscore_Imputation,SVR,255,0.20488222030760705,0.5083248516082713,0.9215686274509803,0.9523809523809524,0.9055555555555556,0.9228291836987489
36,height,ht_24m_zscore_Imputation,MLP,255,0.11323676458574172,0.19192560384531987,0.9215686274509803,0.9373219373219372,0.9055555555555556,0.9182803556205091
36,height,ht_24m_zscore_Imputation,XGB,255,0.023255455466889185,0.05881474332152677,1.0,1.0,1.0,1.0
36,weight,wt_24m_zscore,LinearRegression,256,3.545374464094445e-15,4.27201077267216e-15,1.0,1.0,1.0,1.0
36,weight,wt_24m_zscore,SVR,256,0.07036798658744793,0.11976947236518555,0.9230769230769231,0.9385620915032679,0.9385620915032679,0.9385620915032679
36,weight,wt_24m_zscore,MLP,256,0.07856801811437013,0.09953697727938465,0.9423076923076923,0.9576612903225806,0.9496732026143792,0.953303527074019
36,weight,wt_24m_zscore,XGB,256,0.019856308519285458,0.05259629472907709,0.9807692307692307,0.9814814814814815,0.9888888888888889,0.9848264729620663
36,weight,wt_24m_zscore_Imputation,LinearRegression,256,3.545374464094445e-15,4.27201077267216e-15,1.0,1.0,1.0,1.0
36,weight,wt_24m_zscore_Imputation,SVR,256,0.07036798658744793,0.11976947236518555,0.9230769230769231,0.9385620915032679,0.9385620915032679,0.9385620915032679
36,weight,wt_24m_zscore_Imputation,MLP,256,0.07856801811437013,0.09953697727938465,0.9423076923076923,0.9576612903225806,0.9496732026143792,0.953303527074019
36,weight,wt_24m_zscore_Imputation,XGB,256,0.019856308519285458,0.05259629472907709,0.9807692307692307,0.9814814814814815,0.9888888888888889,0.9848264729620663
36,bmi,BMI_36m_zscore,LinearRegression,114,0.8934677684269942,1.0752210712572372,0.6956521739130435,0.7234848484848485,0.7175925925925926,0.676470588235294
36,bmi,BMI_36m_zscore,SVR,114,0.9424606930345625,1.120244492545091,0.6086956521739131,0.6190476190476191,0.625,0.6011904761904762
36,bmi,BMI_36m_zscore,MLP,114,1.1901293977622613,1.4261653227729898,0.5652173913043478,0.5773809523809524,0.5694444444444444,0.5654761904761906
36,bmi,BMI_36m_zscore,XGB,114,1.0344477151103195,1.1806480246342566,0.5217391304347826,0.562962962962963,0.5509259259259259,0.5303454715219421
36,bmi,BMI_36m_zscore_Imputation,LinearRegression,126,1.136009261966453,1.5016483430265868,0.7692307692307693,0.72991452991453,0.8333333333333334,0.7647509578544062
36,bmi,BMI_36m_zscore_Imputation,SVR,126,1.0652963494028334,1.2607217698488815,0.7692307692307693,0.6965811965811967,0.8333333333333334,0.7333784088347982
36,bmi,BMI_36m_zscore_Imputation,MLP,126,1.5059164092429165,2.210779030552475,0.6923076923076923,0.5854700854700855,0.625,0.5943805874840358
36,bmi,BMI_36m_zscore_Imputation,XGB,126,1.0626492311407374,1.4672602256896459,0.7307692307692307,0.6523809523809524,0.6666666666666666,0.6555555555555554
36,height,ht_36m_zscore,LinearRegression,115,0.40314164937786207,0.522227022556665,0.782608695652174,0.7658730158730159,0.8194444444444445,0.7857142857142857
36,height,ht_36m_zscore,SVR,115,0.4224929040581756,0.5510341937033523,0.6956521739130435,0.6632034632034632,0.75,0.688647342995169
36,height,ht_36m_zscore,MLP,115,0.48821713640765907,0.620802549680077,0.782608695652174,0.7658730158730159,0.8194444444444445,0.7857142857142857
36,height,ht_36m_zscore,XGB,115,0.47631521632437335,0.5672427808371149,0.782608695652174,0.8278388278388279,0.8194444444444445,0.8222222222222223
36,height,ht_36m_zscore_Imputation,LinearRegression,130,0.49615261543296696,0.7892973649641667,0.7307692307692307,0.738095238095238,0.7444444444444445,0.7400530503978779
36,height,ht_36m_zscore_Imputation,SVR,130,0.565547561628079,0.8709599765383048,0.8076923076923077,0.8095238095238096,0.8222222222222223,0.8143236074270557
36,height,ht_36m_zscore_Imputation,MLP,130,0.7845201857650251,1.0831824530662573,0.7692307692307693,0.782051282051282,0.7999999999999999,0.7857142857142857
36,height,ht_36m_zscore_Imputation,XGB,130,0.7684951324947782,1.0353476635415895,0.7307692307692307,0.7166666666666667,0.7111111111111111,0.712609970674487
36,weight,wt_3y_zscore,LinearRegression,117,0.7126242269411615,0.8812425358672304,0.7083333333333334,0.47222222222222227,0.5370370370370371,0.5
36,weight,wt_3y_zscore,SVR,117,0.648738872896817,0.7859288410285656,0.7083333333333334,0.47222222222222227,0.5370370370370371,0.5
36,weight,wt_3y_zscore,MLP,117,0.7638634891658649,0.9803365214208183,0.7916666666666666,0.7585858585858585,0.7592592592592592,0.7576913297737096
36,weight,wt_3y_zscore,XGB,117,0.8909639280375092,1.0044476324868603,0.625,0.4349206349206349,0.4537037037037037,0.4382716049382716
36,weight,wt_36m_zscore_Imputation,LinearRegression,131,0.407857810473882,0.5256313777453371,0.8888888888888888,0.9093567251461989,0.7936507936507936,0.8378917378917379
36,weight,wt_36m_zscore_Imputation,SVR,131,0.4257419641538032,0.5581186768514219,0.8888888888888888,0.9093567251461989,0.7936507936507936,0.8378917378917379
36,weight,wt_36m_zscore_Imputation,MLP,131,0.5129279863929823,0.6540969805899557,0.9259259259259259,0.8981481481481483,0.9047619047619048,0.8873015873015873
36,weight,wt_36m_zscore_Imputation,XGB,131,0.5650085557232324,0.6705820352896196,0.8518518518518519,0.8677248677248678,0.7740429505135388,0.8095238095238096
48,bmi,BMI_birth_zscore,LinearRegression,114,1.1132399350181597e-15,1.3247070431104655e-15,1.0,1.0,1.0,1.0
48,bmi,BMI_birth_zscore,SVR,114,0.1487204370224102,0.20829863814918753,1.0,1.0,1.0,1.0
48,bmi,BMI_birth_zscore,MLP,114,0.14061144972017886,0.18406921206343713,1.0,1.0,1.0,1.0
48,bmi,BMI_birth_zscore,XGB,114,0.2358848306035795,0.6528400078914999,0.9130434782608695,0.5,0.45652173913043476,0.47727272727272724
48,height,ht_birth_zscore,LinearRegression,115,9.928652103373343e-16,1.2228033559726058e-15,1.0,1.0,1.0,1.0
48,height,ht_birth_zscore,SVR,115,0.26527150573653385,0.43403745554385015,0.8260869565217391,0.3333333333333333,0.2753623188405797,0.30158730158730157
48,height,ht_birth_zscore,MLP,115,0.1091222913085697,0.16423775687142286,1.0,1.0,1.0,1.0
48,height,ht_birth_zscore,XGB,115,0.04549296542697641,0.1312382897874432,1.0,1.0,1.0,1.0
48,weight,wt_birth_zscore,LinearRegression,117,1.0015136867972767e-15,1.180563976702758e-15,1.0,1.0,1.0,1.0
48,weight,wt_birth_zscore,SVR,117,0.13379437354415105,0.26625655394141895,0.9583333333333334,0.5,0.4791666666666667,0.48936170212765956
48,weight,wt_birth_zscore,MLP,117,0.11581495543569553,0.146295479267638,1.0,1.0,1.0,1.0
48,weight,wt_birth_zscore,XGB,117,0.09822426204824732,0.2315327590535059,0.9583333333333334,0.5,0.4791666666666667,0.48936170212765956
48,bmi,BMI_6m_zscore,LinearRegression,114,5.448163055964551e-16,7.347565869561664e-16,1.0,1.0,1.0,1.0
48,bmi,BMI_6m_zscore,SVR,114,0.2239062374892096,0.4189982490950967,0.9565217391304348,0.9696969696969697,0.9722222222222222,0.9696342305037957
48,bmi,BMI_6m_zscore,MLP,114,0.1251431784533985,0.18691744887655692,1.0,1.0,1.0,1.0
48,bmi,BMI_6m_zscore,XGB,114,0.07721930322835094,0.11191015214814024,1.0,1.0,1.0,1.0
48,bmi,BMI_6m_zscore_Imputation,LinearRegression,114,5.448163055964551e-16,7.347565869561664e-16,1.0,1.0,1.0,1.0
48,bmi,BMI_6m_zscore_Imputation,SVR,114,0.2239062374892096,0.4189982490950967,0.9565217391304348,0.9696969696969697,0.9722222222222222,0.9696342305037957
48,bmi,BMI_6m_zscore_Imputation,MLP,114,0.1251431784533985,0.18691744887655692,1.0,1.0,1.0,1.0
48,bmi,BMI_6m_zscore_Imputation,XGB,114,0.07721930322835094,0.11191015214814024,1.0,1.0,1.0,1.0
48,height,ht_6m_zscore,LinearRegression,115,6.522560269672795e-16,7.826693595905929e-16,1.0,1.0,1.0,1.0
48,height,ht_6m_zscore,SVR,115,0.09010829289875233,0.1096064906931754,1.0,1.0,1.0,1.0
48,height,ht_6m_zscore,MLP,115,0.06301910071732973,0.08665023124387876,1.0,1.0,1.0,1.0
48,height,ht_6m_zscore,XGB,115,0.030148446571801883,0.053703363548793924,1.0,1.0,1.0,1.0
48,height,ht_6m_zscore_Imputation,LinearRegression,115,6.522560269672795e-16,7.826693595905929e-16,1.0,1.0,1.0,1.0
48,height,ht_6m_zscore_Imputation,SVR,115,0.09010829289875233,0.1096064906931754,1.0,1.0,1.0,1.0
48,height,ht_6m_zscore_Imputation,MLP,115,0.06301910071732973,0.08665023124387876,1.0,1.0,1.0,1.0
48,height,ht_6m_zscore_Imputation,XGB,115,0.030148446571801883,0.053703363548793924,1.0,1.0,1.0,1.0
48,weight,wt_6m_zscore,LinearRegression,117,5.979013580533395e-16,6.756311831555596e-16,1.0,1.0,1.0,1.0
48,weight,wt_6m_zscore,SVR,117,0.130341154626238,0.24115503882301553,1.0,1.0,1.0,1.0
48,weight,wt_6m_zscore,MLP,117,0.12383402787181201,0.21825243926780244,0.9166666666666666,0.9393939393939394,0.9047619047619048,0.9111111111111111
48,weight,wt_6m_zscore,XGB,117,0.03929619283496568,0.05494011379816374,1.0,1.0,1.0,1.0
48,weight,wt_6m_zscore_Imputation,LinearRegression,117,5.979013580533395e-16,6.756311831555596e-16,1.0,1.0,1.0,1.0
48,weight,wt_6m_zscore_Imputation,SVR,117,0.130341154626238,0.24115503882301553,1.0,1.0,1.0,1.0
48,weight,wt_6m_zscore_Imputation,MLP,117,0.12383402787181201,0.21825243926780244,0.9166666666666666,0.9393939393939394,0.9047619047619048,0.9111111111111111
48,weight,wt_6m_zscore_Imputation,XGB,117,0.03929619283496568,0.05494011379816374,1.0,1.0,1.0,1.0
48,bmi,BMI_12m_zscore,LinearRegression,114,4.1995392670603747e-16,6.218197037448445e-16,1.0,1.0,1.0,1.0
48,bmi,BMI_12m_zscore,SVR,114,0.23213507781175058,0.5033244477866942,0.8695652173913043,0.8809523809523809,0.8095238095238096,0.8326007326007326
48,bmi,BMI_12m_zscore,MLP,114,0.07732517616414793,0.09855175708396226,1.0,1.0,1.0,1.0
48,bmi,BMI_12m_zscore,XGB,114,0.07741973078624331,0.13407861955877592,0.9565217391304348,0.9523809523809524,0.9761904761904763,0.9620132953466287
48,bmi,BMI_12m_zscore_Imputation,LinearRegression,114,4.1995392670603747e-16,6.218197037448445e-16,1.0,1.0,1.0,1.0
48,bmi,BMI_12m_zscore_Imputation,SVR,114,0.23213507781175058,0.5033244477866942,0.8695652173913043,0.8809523809523809,0.8095238095238096,0.8326007326007326
48,bmi,BMI_12m_zscore_Imputation,MLP,114,0.07732517616414793,0.09855175708396226,1.0,1.0,1.0,1.0
48,bmi,BMI_12m_zscore_Imputation,XGB,114,0.07741973078624331,0.13407861955877592,0.9565217391304348,0.9523809523809524,0.9761904761904763,0.9620132953466287
48,height,ht_1y_zscore,LinearRegression,115,3.909915869332073e-16,4.775249788392736e-16,1.0,1.0,1.0,1.0
48,height,ht_1y_zscore,SVR,115,0.15992613503080613,0.23362135882426324,0.8695652173913043,0.8744588744588745,0.8585858585858586,0.8624708624708625
48,height,ht_1y_zscore,MLP,115,0.07192993544467428,0.08986542372655638,0.9565217391304348,0.9523809523809524,0.9696969696969697,0.9584859584859585
48,height,ht_1y_zscore,XGB,115,0.05469438266772551,0.116951044493386,0.9130434782608695,0.9166666666666666,0.888888888888889,0.8996486605182258
48,height,ht_12m_zscore_Imputation,LinearRegression,115,3.909915869332073e-16,4.775249788392736e-16,1.0,1.0,1.0,1.0
48,height,ht_12m_zscore_Imputation,SVR,115,0.15992613503080613,0.23362135882426324,0.8695652173913043,0.8744588744588745,0.8585858585858586,0.8624708624708625
48,height,ht_12m_zscore_Imputation,MLP,115,0.07192993544467428,0.08986542372655638,0.9565217391304348,0.9523809523809524,0.9696969696969697,0.9584859584859585
48,height,ht_12m_zscore_Imputation,XGB,115,0.05469438266772551,0.116951044493386,0.9130434782608695,0.9166666666666666,0.888888888888889,0.8996486605182258
48,weight,wt_12m_zscore,LinearRegression,117,6.106226635438361e-16,7.650425544368633e-16,1.0,1.0,1.0,1.0
48,weight,wt_12m_zscore,SVR,117,0.2331264953613199,0.5728408541144655,0.9583333333333334,0.9696969696969697,0.9583333333333334,0.9619047619047619
48,weight,wt_12m_zscore,MLP,117,0.07179369357597677,0.10334008608718916,0.9583333333333334,0.9696969696969697,0.9583333333333334,0.9619047619047619
48,weight,wt_12m_zscore,XGB,117,0.1309850964932566,0.34197204616681115,1.0,1.0,1.0,1.0
48,weight,wt_12m_zscore_Imputation,LinearRegression,117,6.106226635438361e-16,7.650425544368633e-16,1.0,1.0,1.0,1.0
48,weight,wt_12m_zscore_Imputation,SVR,117,0.2331264953613199,0.5728408541144655,0.9583333333333334,0.9696969696969697,0.9583333333333334,0.9619047619047619
48,weight,wt_12m_zscore_Imputation,MLP,117,0.07179369357597677,0.10334008608718916,0.9583333333333334,0.9696969696969697,0.9583333333333334,0.9619047619047619
48,weight,wt_12m_zscore_Imputation,XGB,117,0.1309850964932566,0.34197204616681115,1.0,1.0,1.0,1.0
48,bmi,BMI_18m_zscore,LinearRegression,114,3.896339772563559e-16,5.086287020336714e-16,1.0,1.0,1.0,1.0
48,bmi,BMI_18m_zscore,SVR,114,0.21759384123827374,0.49070100188181653,0.9565217391304348,0.9666666666666667,0.8333333333333334,0.871345029239766
48,bmi,BMI_18m_zscore,MLP,114,0.09027299812888201,0.11963970514714768,0.9565217391304348,0.9666666666666667,0.9722222222222222,0.9679633867276888
48,bmi,BMI_18m_zscore,XGB,114,0.0853562385827313,0.1333753522371548,1.0,1.0,1.0,1.0
48,bmi,BMI_18m_zscore_Imputation,LinearRegression,114,3.896339772563559e-16,5.086287020336714e-16,1.0,1.0,1.0,1.0
48,bmi,BMI_18m_zscore_Imputation,SVR,114,0.21759384123827374,0.49070100188181653,0.9565217391304348,0.9666666666666667,0.8333333333333334,0.871345029239766
48,bmi,BMI_18m_zscore_Imputation,MLP,114,0.09027299812888201,0.11963970514714768,0.9565217391304348,0.9666666666666667,0.9722222222222222,0.9679633867276888
48,bmi,BMI_18m_zscore_Imputation,XGB,114,0.0853562385827313,0.1333753522371548,1.0,1.0,1.0,1.0
48,height,ht_18m_zscore,LinearRegression,115,3.572021905315721e-16,4.671003552489681e-16,1.0,1.0,1.0,1.0
48,height,ht_18m_zscore,SVR,115,0.13555883551460862,0.27873286611233394,0.9130434782608695,0.875,0.9305555555555555,0.8962215320910972
48,height,ht_18m_zscore,MLP,115,0.07931454515037122,0.10365390826002957,0.9130434782608695,0.9333333333333332,0.9444444444444445,0.9326599326599326
48,height,ht_18m_zscore,XGB,115,0.08357858016979017,0.1629401427751474,0.9565217391304348,0.9743589743589745,0.9583333333333334,0.9644444444444445
48,height,ht_18m_zscore_Imputation,LinearRegression,115,3.572021905315721e-16,4.671003552489681e-16,1.0,1.0,1.0,1.0
48,height,ht_18m_zscore_Imputation,SVR,115,0.13555883551460862,0.27873286611233394,0.9130434782608695,0.875,0.9305555555555555,0.8962215320910972
48,height,ht_18m_zscore_Imputation,MLP,115,0.07931454515037122,0.10365390826002957,0.9130434782608695,0.9333333333333332,0.9444444444444445,0.9326599326599326
48,height,ht_18m_zscore_Imputation,XGB,115,0.08357858016979017,0.1629401427751474,0.9565217391304348,0.9743589743589745,0.9583333333333334,0.9644444444444445
48,weight,wt_18m_zscore,LinearRegression,117,2.6599093298311044e-16,3.619771178999371e-16,1.0,1.0,1.0,1.0
48,weight,wt_18m_zscore,SVR,117,0.24189038346466973,0.5730099011734483,0.9166666666666666,0.9333333333333332,0.9166666666666666,0.9185185185185185
48,weight,wt_18m_zscore,MLP,117,0.09589814542994324,0.15422965245083148,0.9583333333333334,0.9629629629629629,0.9583333333333334,0.9581699346405229
48,weight,wt_18m_zscore,XGB,117,0.22069352041110077,0.6290207192575951,1.0,1.0,1.0,1.0
48,weight,wt_18m_zscore_Imputation,LinearRegression,117,2.6599093298311044e-16,3.619771178999371e-16,1.0,1.0,1.0,1.0
48,weight,wt_18m_zscore_Imputation,SVR,117,0.24189038346466973,0.5730099011734483,0.9166666666666666,0.9333333333333332,0.9166666666666666,0.9185185185185185
48,weight,wt_18m_zscore_Imputation,MLP,117,0.09589814542994324,0.15422965245083148,0.9583333333333334,0.9629629629629629,0.9583333333333334,0.9581699346405229
48,weight,wt_18m_zscore_Imputation,XGB,117,0.22069352041110077,0.6290207192575951,1.0,1.0,1.0,1.0
48,bmi,BMI_24m_zscore,LinearRegression,114,9.29208401044968e-16,1.177626230046729e-15,1.0,1.0,1.0,1.0
48,bmi,BMI_24m_zscore,SVR,114,0.20106073987540127,0.325847614407779,0.9565217391304348,0.9333333333333332,0.9666666666666667,0.9454191033138403
48,bmi,BMI_24m_zscore,MLP,114,0.26889637529445165,0.34770033862305283,0.9130434782608695,0.8888888888888888,0.9333333333333332,0.8962962962962964
48,bmi,BMI_24m_zscore,XGB,114,0.0894849916738636,0.11327260015545756,0.9565217391304348,0.9333333333333332,0.9629629629629629,0.9433551198257081
48,bmi,BMIt_24m_zscore_Imputation,LinearRegression,114,9.29208401044968e-16,1.177626230046729e-15,1.0,1.0,1.0,1.0
48,bmi,BMIt_24m_zscore_Imputation,SVR,114,0.20106073987540127,0.325847614407779,0.9565217391304348,0.9333333333333332,0.9666666666666667,0.9454191033138403
48,bmi,BMIt_24m_zscore_Imputation,MLP,114,0.26889637529445165,0.34770033862305283,0.9130434782608695,0.8888888888888888,0.9333333333333332,0.8962962962962964
48,bmi,BMIt_24m_zscore_Imputation,XGB,114,0.0894849916738636,0.11327260015545756,0.9565217391304348,0.9333333333333332,0.9629629629629629,0.9433551198257081
48,height,ht_24m_zscore,LinearRegression,115,4.652075826010846e-16,5.892324900430181e-16,1.0,1.0,1.0,1.0
48,height,ht_24m_zscore,SVR,115,0.16251554050199313,0.2544041152857652,0.9565217391304348,0.9696969696969697,0.9629629629629629,0.9645191409897292
48,height,ht_24m_zscore,MLP,115,0.10209815744289238,0.1354101438448553,0.9130434782608695,0.8796296296296297,0.8796296296296297,0.8796296296296297
48,height,ht_24m_zscore,XGB,115,0.029004545784253176,0.07624190648494074,1.0,1.0,1.0,1.0
48,height,ht_24m_zscore_Imputation,LinearRegression,115,4.652075826010846e-16,5.892324900430181e-16,1.0,1.0,1.0,1.0
48,height,ht_24m_zscore_Imputation,SVR,115,0.16251554050199313,0.2544041152857652,0.9565217391304348,0.9696969696969697,0.9629629629629629,0.9645191409897292
48,height,ht_24m_zscore_Imputation,MLP,115,0.10209815744289238,0.1354101438448553,0.9130434782608695,0.8796296296296297,0.8796296296296297,0.8796296296296297
48,height,ht_24m_zscore_Imputation,XGB,115,0.029004545784253176,0.07624190648494074,1.0,1.0,1.0,1.0
48,weight,wt_24m_zscore,LinearRegression,117,3.006854025026466e-16,4.1625652827317714e-16,1.0,1.0,1.0,1.0
48,weight,wt_24m_zscore,SVR,117,0.24705741480113189,0.5246386187752237,1.0,1.0,1.0,1.0
48,weight,wt_24m_zscore,MLP,117,0.14323825097787424,0.18580602019934467,0.9583333333333334,0.9666666666666667,0.9761904761904763,0.9701104613385315
48,weight,wt_24m_zscore,XGB,117,0.06950525074913515,0.10299097480030907,1.0,1.0,1.0,1.0
48,weight,wt_24m_zscore_Imputation,LinearRegression,117,3.006854025026466e-16,4.1625652827317714e-16,1.0,1.0,1.0,1.0
48,weight,wt_24m_zscore_Imputation,SVR,117,0.24705741480113189,0.5246386187752237,1.0,1.0,1.0,1.0
48,weight,wt_24m_zscore_Imputation,MLP,117,0.14323825097787424,0.18580602019934467,0.9583333333333334,0.9666666666666667,0.9761904761904763,0.9701104613385315
48,weight,wt_24m_zscore_Imputation,XGB,117,0.06950525074913515,0.10299097480030907,1.0,1.0,1.0,1.0
48,bmi,BMI_36m_zscore,LinearRegression,114,8.012914003816347e-16,9.487515029531552e-16,1.0,1.0,1.0,1.0
48,bmi,BMI_36m_zscore,SVR,114,0.2691566937256136,0.3746550430486838,0.9565217391304348,0.9629629629629629,0.9629629629629629,0.9607843137254902
48,bmi,BMI_36m_zscore,MLP,114,0.22489741859762963,0.34444488111973437,0.8695652173913043,0.8690476190476191,0.8796296296296297,0.8661064425770307
48,bmi,BMI_36m_zscore,XGB,114,0.055577590008760176,0.06691291638640494,0.9565217391304348,0.9629629629629629,0.9629629629629629,0.9607843137254902
48,bmi,BMI_36m_zscore_Imputation,LinearRegression,113,7.192314376919493e-16,9.533299361437689e-16,1.0,1.0,1.0,1.0
48,bmi,BMI_36m_zscore_Imputation,SVR,113,0.28676864180015516,0.38425568345204114,1.0,1.0,1.0,1.0
48,bmi,BMI_36m_zscore_Imputation,MLP,113,0.21271815124684554,0.3113193543871609,0.8260869565217391,0.8273809523809524,0.8273809523809524,0.8273809523809524
48,bmi,BMI_36m_zscore_Imputation,XGB,113,0.058854588027934175,0.07271688033807827,1.0,1.0,1.0,1.0
48,height,ht_36m_zscore,LinearRegression,115,3.00484275143113e-16,4.3320816320546793e-16,1.0,1.0,1.0,1.0
48,height,ht_36m_zscore,SVR,115,0.18238289883516925,0.24304526714461008,0.9130434782608695,0.9333333333333332,0.9444444444444445,0.9326599326599326
48,height,ht_36m_zscore,MLP,115,0.0991201658945662,0.11863148401273158,0.8695652173913043,0.8425925925925926,0.9027777777777778,0.8632543926661573
48,height,ht_36m_zscore,XGB,115,0.044630384860198394,0.08843358956449827,1.0,1.0,1.0,1.0
48,height,ht_36m_zscore_Imputation,LinearRegression,114,1.0414374676646849e-15,1.241631308087391e-15,1.0,1.0,1.0,1.0
48,height,ht_36m_zscore_Imputation,SVR,114,0.22099481699115311,0.27767568452933833,0.8695652173913043,0.9,0.8376068376068376,0.8467320261437908
48,height,ht_36m_zscore_Imputation,MLP,114,0.11480295185704906,0.1349551273159166,0.8695652173913043,0.8333333333333334,0.9010989010989011,0.8579365079365079
48,height,ht_36m_zscore_Imputation,XGB,114,0.0695720617660277,0.13280727539830253,1.0,1.0,1.0,1.0
48,weight,wt_3y_zscore,LinearRegression,117,7.305444588388369e-16,9.47896343525262e-16,1.0,1.0,1.0,1.0
48,weight,wt_3y_zscore,SVR,117,0.33878687938668856,0.49845119995154963,0.875,0.9055555555555556,0.8240740740740741,0.8529239766081872
48,weight,wt_3y_zscore,MLP,117,0.2637637668097578,0.41356496780974267,0.875,0.8472222222222222,0.898148148148148,0.8657796451914099
48,weight,wt_3y_zscore,XGB,117,0.07657320563188201,0.19274973801166326,0.9166666666666666,0.9373219373219372,0.8518518518518517,0.8829629629629631
48,weight,wt_36m_zscore_Imputation,LinearRegression,115,7.153094541810451e-16,9.809418613091705e-16,1.0,1.0,1.0,1.0
48,weight,wt_36m_zscore_Imputation,SVR,115,0.23492519876833,0.2899962123650443,0.8260869565217391,0.8446969696969697,0.8675213675213675,0.8492063492063492
48,weight,wt_36m_zscore_Imputation,MLP,115,0.15830029998800393,0.2456823180533439,0.9565217391304348,0.9761904761904763,0.9444444444444445,0.957351290684624
48,weight,wt_36m_zscore_Imputation,XGB,115,0.054236023876915854,0.08966742280485708,0.9130434782608695,0.9206349206349206,0.8611111111111112,0.8844797178130511
48,bmi,BMI_4y_zscore,LinearRegression,42,0.8992690236467935,1.0116229813249122,0.5555555555555556,0.3833333333333333,0.4222222222222222,0.38888888888888884
48,bmi,BMI_4y_zscore,SVR,42,1.436734572656815,1.6608129027737324,0.5555555555555556,0.3333333333333333,0.37777777777777777,0.35353535353535354
48,bmi,BMI_4y_zscore,MLP,42,0.9914369841778495,1.0979090425587836,0.6666666666666666,0.43333333333333335,0.48888888888888893,0.45714285714285724
48,bmi,BMI_4y_zscore,XGB,42,1.4499869532137883,1.7372920451297484,0.2222222222222222,0.16666666666666666,0.13333333333333333,0.14814814814814817
48,bmi,BMI_48m_zscore_Imputation,LinearRegression,57,0.6274608624050706,0.6886179346982945,0.8333333333333334,0.8333333333333334,0.8055555555555555,0.810966810966811
48,bmi,BMI_48m_zscore_Imputation,SVR,57,0.7104205723665241,0.8754010856707102,0.6666666666666666,0.6825396825396827,0.611111111111111,0.611111111111111
48,bmi,BMI_48m_zscore_Imputation,MLP,57,1.2771923987519098,1.5317148155580604,0.6666666666666666,0.626984126984127,0.611111111111111,0.6015873015873016
48,bmi,BMI_48m_zscore_Imputation,XGB,57,0.6962510465540269,0.8270533475375763,0.75,0.7380952380952381,0.6944444444444445,0.6968253968253967
48,height,ht_48m_zscore,LinearRegression,43,0.4706947087645735,0.584193124465486,0.6666666666666666,0.7857142857142857,0.7,0.6493506493506493
48,height,ht_48m_zscore,SVR,43,0.5445633302717509,0.6503315522197964,0.5555555555555556,0.75,0.6,0.5
48,height,ht_48m_zscore,MLP,43,0.4263745136536765,0.5586344305307226,0.6666666666666666,0.7857142857142857,0.7,0.6493506493506493
48,height,ht_48m_zscore,XGB,43,0.7641574203609323,0.8462392710840307,0.4444444444444444,0.16666666666666666,0.3333333333333333,0.2222222222222222
48,height,ht_48m_zscore_Imputation,LinearRegression,58,0.3830258102044142,0.46936155243210465,0.9166666666666666,0.8888888888888888,0.8333333333333334,0.8222222222222223
48,height,ht_48m_zscore_Imputation,SVR,58,0.43061265341880334,0.517433281010072,0.75,0.7361111111111112,0.625,0.6472222222222221
48,height,ht_48m_zscore_Imputation,MLP,58,0.3925333612163369,0.45456670234936236,0.8333333333333334,0.8333333333333334,0.7916666666666666,0.7555555555555555
48,height,ht_48m_zscore_Imputation,XGB,58,0.5433395498213153,0.6300028194748464,0.6666666666666666,0.4583333333333333,0.4583333333333333,0.4583333333333333
48,weight,wt_4y_zscore,LinearRegression,44,0.47455621490841804,0.5473009665165753,0.7777777777777778,0.75,0.75,0.75
48,weight,wt_4y_zscore,SVR,44,0.639338903935693,0.8037005524374378,0.7777777777777778,0.875,0.6666666666666666,0.6785714285714286
48,weight,wt_4y_zscore,MLP,44,0.5338947532105192,0.7111398397938787,0.8888888888888888,0.9285714285714286,0.8333333333333333,0.8615384615384616
48,weight,wt_4y_zscore,XGB,44,0.5710780438587272,0.7385189285169164,0.7777777777777778,0.875,0.6666666666666666,0.6785714285714286
48,weight,wt_48m_zscore_Imputation,LinearRegression,57,0.3737554052831893,0.45019820144327094,0.6666666666666666,0.6388888888888888,0.7666666666666666,0.6646464646464646
48,weight,wt_48m_zscore_Imputation,SVR,57,0.45739842133308367,0.6233045284671382,0.6666666666666666,0.6388888888888888,0.7666666666666666,0.6646464646464646
48,weight,wt_48m_zscore_Imputation,MLP,57,0.5089326903464674,0.6730367311936261,0.6666666666666666,0.48888888888888893,0.48888888888888893,0.48888888888888893
48,weight,wt_48m_zscore_Imputation,XGB,57,0.561549842758233,0.6473156772466947,0.5833333333333334,0.5555555555555555,0.7111111111111111,0.5572390572390572
